Workbook

Sheet LEEME

Sheet MEDIDAS ML
A1: MLC | B1: SKU | C1: Título | D1: Dimensiones | E1: Ancho CM | F1: Profundidad CM | G1: Largo CM | H1: Peso KG | I1: P VOLUM | J1: Método envío | K1: Peso a cobrar (kg) | L1: Precio venta | M1: Tramo fijo actual | N1: Costo fijo actual | O1: Tramo envío actual | P1: Costo envío actual | Q1: Costo total actual
A2: 123 | B2: 123 | C2: 123 | D2: 16x22x16 cm - 39000 grs | E2: 16 | F2: 22 | G2: 16 | H2: 39 | I2: 1.408 | J2: =IF(OR(H2="",I2=""),"",IF(H2>=I2,"Se calcula por Peso","Se calcula por P volum")) -> Se calcula por Peso | K2: =IF(OR(H2="",I2=""),"",MAX(H2,I2)) -> 39 | L2: 36460 | M2: =IF(L2="","",IF(L2<9990,"Hasta $9.989",IF(L2<=19990,"$9.990-$19.990","Sin costo fijo"))) -> Sin costo fijo | N2: =IF(L2="","",IF(L2<9990,700,IF(L2<=19990,1000,0))) -> 0 | O2: =IF(L2="","",IF(L2<19990,"No aplica (<$19.990)",IF(L2<=30000,"$19.990-$30.000",IF(L2<=40000,"$30.001-$40.000","Desde $40.001")))) -> $30.001-$40.000 | P2: {=IF(OR(L2="",K2=""),"",IF(L2<19990,0,IF(L2<=30000,INDEX(Tarifas!$C$2:$C$37,MATCH(K2,Tarifas!$A$2:$A$37,1)),IF(L2<=40000,INDEX(Tarifas!$D$2:$D$37,MATCH(K2,Tarifas!$A$2:$A$37,1)),INDEX(Tarifas!$E$2:$E$37,MATCH(K2,Tarifas!$A$2:$A$37,1))))))} -> 11745 | Q2: =IF(OR(N2="",P2=""),"",N2+P2) -> 11745
A3: 123 | B3: 123 | C3: 123 | D3: 16x22x16 cm - 39000 grs | E3: 16 | F3: 22 | G3: 16 | H3: 39 | I3: 1.408 | J3: =IF(OR(H3="",I3=""),"",IF(H3>=I3,"Se calcula por Peso","Se calcula por P volum")) -> Se calcula por Peso | K3: =IF(OR(H3="",I3=""),"",MAX(H3,I3)) -> 39 | L3: 36460 | M3: =IF(L3="","",IF(L3<9990,"Hasta $9.989",IF(L3<=19990,"$9.990-$19.990","Sin costo fijo"))) -> Sin costo fijo | N3: =IF(L3="","",IF(L3<9990,700,IF(L3<=19990,1000,0))) -> 0 | O3: =IF(L3="","",IF(L3<19990,"No aplica (<$19.990)",IF(L3<=30000,"$19.990-$30.000",IF(L3<=40000,"$30.001-$40.000","Desde $40.001")))) -> $30.001-$40.000 | P3: {=IF(OR(L3="",K3=""),"",IF(L3<19990,0,IF(L3<=30000,INDEX(Tarifas!$C$2:$C$37,MATCH(K3,Tarifas!$A$2:$A$37,1)),IF(L3<=40000,INDEX(Tarifas!$D$2:$D$37,MATCH(K3,Tarifas!$A$2:$A$37,1)),INDEX(Tarifas!$E$2:$E$37,MATCH(K3,Tarifas!$A$2:$A$37,1))))))} -> 11745 | Q3: =IF(OR(N3="",P3=""),"",N3+P3) -> 11745
A4: 123 | B4: 123 | C4: 123 | D4: 17x27x29 cm - 25080 grs | E4: 17 | F4: 27 | G4: 29 | H4: 25.08 | I4: 3.32775 | J4: =IF(OR(H4="",I4=""),"",IF(H4>=I4,"Se calcula por Peso","Se calcula por P volum")) -> Se calcula por Peso | K4: =IF(OR(H4="",I4=""),"",MAX(H4,I4)) -> 25.08 | L4: 42990 | M4: =IF(L4="","",IF(L4<9990,"Hasta $9.989",IF(L4<=19990,"$9.990-$19.990","Sin costo fijo"))) -> Sin costo fijo | N4: =IF(L4="","",IF(L4<9990,700,IF(L4<=19990,1000,0))) -> 0 | O4: =IF(L4="","",IF(L4<19990,"No aplica (<$19.990)",IF(L4<=30000,"$19.990-$30.000",IF(L4<=40000,"$30.001-$40.000","Desde $40.001")))) -> Desde $40.001 | P4: {=IF(OR(L4="",K4=""),"",IF(L4<19990,0,IF(L4<=30000,INDEX(Tarifas!$C$2:$C$37,MATCH(K4,Tarifas!$A$2:$A$37,1)),IF(L4<=40000,INDEX(Tarifas!$D$2:$D$37,MATCH(K4,Tarifas!$A$2:$A$37,1)),INDEX(Tarifas!$E$2:$E$37,MATCH(K4,Tarifas!$A$2:$A$37,1))))))} -> 10000 | Q4: =IF(OR(N4="",P4=""),"",N4+P4) -> 10000
A5: 123 | B5: 123 | C5: 123 | D5: 28x29x29 cm - 24440 grs | E5: 28 | F5: 29 | G5: 29 | H5: 24.44 | I5: 5.887 | J5: =IF(OR(H5="",I5=""),"",IF(H5>=I5,"Se calcula por Peso","Se calcula por P volum")) -> Se calcula por Peso | K5: =IF(OR(H5="",I5=""),"",MAX(H5,I5)) -> 24.44 | L5: 8390 | M5: =IF(L5="","",IF(L5<9990,"Hasta $9.989",IF(L5<=19990,"$9.990-$19.990","Sin costo fijo"))) -> Hasta $9.989 | N5: =IF(L5="","",IF(L5<9990,700,IF(L5<=19990,1000,0))) -> 700 | O5: =IF(L5="","",IF(L5<19990,"No aplica (<$19.990)",IF(L5<=30000,"$19.990-$30.000",IF(L5<=40000,"$30.001-$40.000","Desde $40.001")))) -> No aplica (<$19.990) | P5: {=IF(OR(L5="",K5=""),"",IF(L5<19990,0,IF(L5<=30000,INDEX(Tarifas!$C$2:$C$37,MATCH(K5,Tarifas!$A$2:$A$37,1)),IF(L5<=40000,INDEX(Tarifas!$D$2:$D$37,MATCH(K5,Tarifas!$A$2:$A$37,1)),INDEX(Tarifas!$E$2:$E$37,MATCH(K5,Tarifas!$A$2:$A$37,1))))))} -> 0 | Q5: =IF(OR(N5="",P5=""),"",N5+P5) -> 700
A6: 123 | B6: 123 | C6: 123 | D6: 28x29x29 cm - 24440 grs | E6: 28 | F6: 29 | G6: 29 | H6: 24.44 | I6: 5.887 | J6: =IF(OR(H6="",I6=""),"",IF(H6>=I6,"Se calcula por Peso","Se calcula por P volum")) -> Se calcula por Peso | K6: =IF(OR(H6="",I6=""),"",MAX(H6,I6)) -> 24.44 | L6: 8390 | M6: =IF(L6="","",IF(L6<9990,"Hasta $9.989",IF(L6<=19990,"$9.990-$19.990","Sin costo fijo"))) -> Hasta $9.989 | N6: =IF(L6="","",IF(L6<9990,700,IF(L6<=19990,1000,0))) -> 700 | O6: =IF(L6="","",IF(L6<19990,"No aplica (<$19.990)",IF(L6<=30000,"$19.990-$30.000",IF(L6<=40000,"$30.001-$40.000","Desde $40.001")))) -> No aplica (<$19.990) | P6: {=IF(OR(L6="",K6=""),"",IF(L6<19990,0,IF(L6<=30000,INDEX(Tarifas!$C$2:$C$37,MATCH(K6,Tarifas!$A$2:$A$37,1)),IF(L6<=40000,INDEX(Tarifas!$D$2:$D$37,MATCH(K6,Tarifas!$A$2:$A$37,1)),INDEX(Tarifas!$E$2:$E$37,MATCH(K6,Tarifas!$A$2:$A$37,1))))))} -> 0 | Q6: =IF(OR(N6="",P6=""),"",N6+P6) -> 700
A7: 123 | B7: 123 | C7: 123 | D7: 28x29x29 cm - 24440 grs | E7: 28 | F7: 29 | G7: 29 | H7: 24.44 | I7: 5.887 | J7: =IF(OR(H7="",I7=""),"",IF(H7>=I7,"Se calcula por Peso","Se calcula por P volum")) -> Se calcula por Peso | K7: =IF(OR(H7="",I7=""),"",MAX(H7,I7)) -> 24.44 | L7: 34990 | M7: =IF(L7="","",IF(L7<9990,"Hasta $9.989",IF(L7<=19990,"$9.990-$19.990","Sin costo fijo"))) -> Sin costo fijo | N7: =IF(L7="","",IF(L7<9990,700,IF(L7<=19990,1000,0))) -> 0 | O7: =IF(L7="","",IF(L7<19990,"No aplica (<$19.990)",IF(L7<=30000,"$19.990-$30.000",IF(L7<=40000,"$30.001-$40.000","Desde $40.001")))) -> $30.001-$40.000 | P7: {=IF(OR(L7="",K7=""),"",IF(L7<19990,0,IF(L7<=30000,INDEX(Tarifas!$C$2:$C$37,MATCH(K7,Tarifas!$A$2:$A$37,1)),IF(L7<=40000,INDEX(Tarifas!$D$2:$D$37,MATCH(K7,Tarifas!$A$2:$A$37,1)),INDEX(Tarifas!$E$2:$E$37,MATCH(K7,Tarifas!$A$2:$A$37,1))))))} -> 7470 | Q7: =IF(OR(N7="",P7=""),"",N7+P7) -> 7470
A8: 123 | B8: 123 | C8: 123 | D8: 28x29x29 cm - 24440 grs | E8: 28 | F8: 29 | G8: 29 | H8: 24.44 | I8: 5.887 | J8: =IF(OR(H8="",I8=""),"",IF(H8>=I8,"Se calcula por Peso","Se calcula por P volum")) -> Se calcula por Peso | K8: =IF(OR(H8="",I8=""),"",MAX(H8,I8)) -> 24.44 | L8: 34990 | M8: =IF(L8="","",IF(L8<9990,"Hasta $9.989",IF(L8<=19990,"$9.990-$19.990","Sin costo fijo"))) -> Sin costo fijo | N8: =IF(L8="","",IF(L8<9990,700,IF(L8<=19990,1000,0))) -> 0 | O8: =IF(L8="","",IF(L8<19990,"No aplica (<$19.990)",IF(L8<=30000,"$19.990-$30.000",IF(L8<=40000,"$30.001-$40.000","Desde $40.001")))) -> $30.001-$40.000 | P8: {=IF(OR(L8="",K8=""),"",IF(L8<19990,0,IF(L8<=30000,INDEX(Tarifas!$C$2:$C$37,MATCH(K8,Tarifas!$A$2:$A$37,1)),IF(L8<=40000,INDEX(Tarifas!$D$2:$D$37,MATCH(K8,Tarifas!$A$2:$A$37,1)),INDEX(Tarifas!$E$2:$E$37,MATCH(K8,Tarifas!$A$2:$A$37,1))))))} -> 7470 | Q8: =IF(OR(N8="",P8=""),"",N8+P8) -> 7470
A9: 123 | B9: 123 | C9: 123 | D9: 30x31x35 cm - 24212 grs | E9: 30 | F9: 31 | G9: 35 | H9: 24.212 | I9: 8.1375 | J9: =IF(OR(H9="",I9=""),"",IF(H9>=I9,"Se calcula por Peso","Se calcula por P volum")) -> Se calcula por Peso | K9: =IF(OR(H9="",I9=""),"",MAX(H9,I9)) -> 24.212 | L9: 134990 | M9: =IF(L9="","",IF(L9<9990,"Hasta $9.989",IF(L9<=19990,"$9.990-$19.990","Sin costo fijo"))) -> Sin costo fijo | N9: =IF(L9="","",IF(L9<9990,700,IF(L9<=19990,1000,0))) -> 0 | O9: =IF(L9="","",IF(L9<19990,"No aplica (<$19.990)",IF(L9<=30000,"$19.990-$30.000",IF(L9<=40000,"$30.001-$40.000","Desde $40.001")))) -> Desde $40.001 | P9: {=IF(OR(L9="",K9=""),"",IF(L9<19990,0,IF(L9<=30000,INDEX(Tarifas!$C$2:$C$37,MATCH(K9,Tarifas!$A$2:$A$37,1)),IF(L9<=40000,INDEX(Tarifas!$D$2:$D$37,MATCH(K9,Tarifas!$A$2:$A$37,1)),INDEX(Tarifas!$E$2:$E$37,MATCH(K9,Tarifas!$A$2:$A$37,1))))))} -> 8300 | Q9: =IF(OR(N9="",P9=""),"",N9+P9) -> 8300
A10: 123 | B10: 123 | C10: 123 | D10: 30x31x35 cm - 24212 grs | E10: 30 | F10: 31 | G10: 35 | H10: 24.212 | I10: 8.1375 | J10: =IF(OR(H10="",I10=""),"",IF(H10>=I10,"Se calcula por Peso","Se calcula por P volum")) -> Se calcula por Peso | K10: =IF(OR(H10="",I10=""),"",MAX(H10,I10)) -> 24.212 | L10: 134990 | M10: =IF(L10="","",IF(L10<9990,"Hasta $9.989",IF(L10<=19990,"$9.990-$19.990","Sin costo fijo"))) -> Sin costo fijo | N10: =IF(L10="","",IF(L10<9990,700,IF(L10<=19990,1000,0))) -> 0 | O10: =IF(L10="","",IF(L10<19990,"No aplica (<$19.990)",IF(L10<=30000,"$19.990-$30.000",IF(L10<=40000,"$30.001-$40.000","Desde $40.001")))) -> Desde $40.001 | P10: {=IF(OR(L10="",K10=""),"",IF(L10<19990,0,IF(L10<=30000,INDEX(Tarifas!$C$2:$C$37,MATCH(K10,Tarifas!$A$2:$A$37,1)),IF(L10<=40000,INDEX(Tarifas!$D$2:$D$37,MATCH(K10,Tarifas!$A$2:$A$37,1)),INDEX(Tarifas!$E$2:$E$37,MATCH(K10,Tarifas!$A$2:$A$37,1))))))} -> 8300 | Q10: =IF(OR(N10="",P10=""),"",N10+P10) -> 8300
A11: 123 | B11: 123 | C11: 123 | D11: 20x38x48 cm - 21540 grs | E11: 20 | F11: 38 | G11: 48 | H11: 21.54 | I11: 9.12 | J11: =IF(OR(H11="",I11=""),"",IF(H11>=I11,"Se calcula por Peso","Se calcula por P volum")) -> Se calcula por Peso | K11: =IF(OR(H11="",I11=""),"",MAX(H11,I11)) -> 21.54 | L11: 69950 | M11: =IF(L11="","",IF(L11<9990,"Hasta $9.989",IF(L11<=19990,"$9.990-$19.990","Sin costo fijo"))) -> Sin costo fijo | N11: =IF(L11="","",IF(L11<9990,700,IF(L11<=19990,1000,0))) -> 0 | O11: =IF(L11="","",IF(L11<19990,"No aplica (<$19.990)",IF(L11<=30000,"$19.990-$30.000",IF(L11<=40000,"$30.001-$40.000","Desde $40.001")))) -> Desde $40.001 | P11: {=IF(OR(L11="",K11=""),"",IF(L11<19990,0,IF(L11<=30000,INDEX(Tarifas!$C$2:$C$37,MATCH(K11,Tarifas!$A$2:$A$37,1)),IF(L11<=40000,INDEX(Tarifas!$D$2:$D$37,MATCH(K11,Tarifas!$A$2:$A$37,1)),INDEX(Tarifas!$E$2:$E$37,MATCH(K11,Tarifas!$A$2:$A$37,1))))))} -> 8300 | Q11: =IF(OR(N11="",P11=""),"",N11+P11) -> 8300
A12: 123 | B12: 123 | C12: 123 | D12: 29x30x34 cm - 20600 grs | E12: 29 | F12: 30 | G12: 34 | H12: 20.6 | I12: 7.395 | J12: =IF(OR(H12="",I12=""),"",IF(H12>=I12,"Se calcula por Peso","Se calcula por P volum")) -> Se calcula por Peso | K12: =IF(OR(H12="",I12=""),"",MAX(H12,I12)) -> 20.6 | L12: 19780 | M12: =IF(L12="","",IF(L12<9990,"Hasta $9.989",IF(L12<=19990,"$9.990-$19.990","Sin costo fijo"))) -> $9.990-$19.990 | N12: =IF(L12="","",IF(L12<9990,700,IF(L12<=19990,1000,0))) -> 1000 | O12: =IF(L12="","",IF(L12<19990,"No aplica (<$19.990)",IF(L12<=30000,"$19.990-$30.000",IF(L12<=40000,"$30.001-$40.000","Desde $40.001")))) -> No aplica (<$19.990) | P12: {=IF(OR(L12="",K12=""),"",IF(L12<19990,0,IF(L12<=30000,INDEX(Tarifas!$C$2:$C$37,MATCH(K12,Tarifas!$A$2:$A$37,1)),IF(L12<=40000,INDEX(Tarifas!$D$2:$D$37,MATCH(K12,Tarifas!$A$2:$A$37,1)),INDEX(Tarifas!$E$2:$E$37,MATCH(K12,Tarifas!$A$2:$A$37,1))))))} -> 0 | Q12: =IF(OR(N12="",P12=""),"",N12+P12) -> 1000
A13: 123 | B13: 123 | C13: 123 | D13: 29x30x34 cm - 20600 grs | E13: 29 | F13: 30 | G13: 34 | H13: 20.6 | I13: 7.395 | J13: =IF(OR(H13="",I13=""),"",IF(H13>=I13,"Se calcula por Peso","Se calcula por P volum")) -> Se calcula por Peso | K13: =IF(OR(H13="",I13=""),"",MAX(H13,I13)) -> 20.6 | L13: 19780 | M13: =IF(L13="","",IF(L13<9990,"Hasta $9.989",IF(L13<=19990,"$9.990-$19.990","Sin costo fijo"))) -> $9.990-$19.990 | N13: =IF(L13="","",IF(L13<9990,700,IF(L13<=19990,1000,0))) -> 1000 | O13: =IF(L13="","",IF(L13<19990,"No aplica (<$19.990)",IF(L13<=30000,"$19.990-$30.000",IF(L13<=40000,"$30.001-$40.000","Desde $40.001")))) -> No aplica (<$19.990) | P13: {=IF(OR(L13="",K13=""),"",IF(L13<19990,0,IF(L13<=30000,INDEX(Tarifas!$C$2:$C$37,MATCH(K13,Tarifas!$A$2:$A$37,1)),IF(L13<=40000,INDEX(Tarifas!$D$2:$D$37,MATCH(K13,Tarifas!$A$2:$A$37,1)),INDEX(Tarifas!$E$2:$E$37,MATCH(K13,Tarifas!$A$2:$A$37,1))))))} -> 0 | Q13: =IF(OR(N13="",P13=""),"",N13+P13) -> 1000
... A4369: 123 | B4369: 123 | C4369: 123 | D4369: 1x1x14 cm - 10 grs | E4369: 1 | F4369: 1 | G4369: 14 | H4369: 0.01 | I4369: 0.0035 | J4369: =IF(OR(H4369="",I4369=""),"",IF(H4369>=I4369,"Se calcula por Peso","Se calcula por P volum")) -> Se calcula por Peso | K4369: =IF(OR(H4369="",I4369=""),"",MAX(H4369,I4369)) -> 0.01 | L4369: 1990 | M4369: =IF(L4369="","",IF(L4369<9990,"Hasta $9.989",IF(L4369<=19990,"$9.990-$19.990","Sin costo fijo"))) -> Hasta $9.989 | N4369: =IF(L4369="","",IF(L4369<9990,700,IF(L4369<=19990,1000,0))) -> 700 | O4369: =IF(L4369="","",IF(L4369<19990,"No aplica (<$19.990)",IF(L4369<=30000,"$19.990-$30.000",IF(L4369<=40000,"$30.001-$40.000","Desde $40.001")))) -> No aplica (<$19.990) | P4369: {=IF(OR(L4369="",K4369=""),"",IF(L4369<19990,0,IF(L4369<=30000,INDEX(Tarifas!$C$2:$C$37,MATCH(K4369,Tarifas!$A$2:$A$37,1)),IF(L4369<=40000,INDEX(Tarifas!$D$2:$D$37,MATCH(K4369,Tarifas!$A$2:$A$37,1)),INDEX(Tarifas!$E$2:$E$37,MATCH(K4369,Tarifas!$A$2:$A$37,1))))))} -> 0 | Q4369: =IF(OR(N4369="",P4369=""),"",N4369+P4369) -> 700
A4370: 123 | B4370: 123 | C4370: 123 | J4370: =IF(OR(H4370="",I4370=""),"",IF(H4370>=I4370,"Se calcula por Peso","Se calcula por P volum")) | K4370: =IF(OR(H4370="",I4370=""),"",MAX(H4370,I4370)) | L4370: 1100 | M4370: =IF(L4370="","",IF(L4370<9990,"Hasta $9.989",IF(L4370<=19990,"$9.990-$19.990","Sin costo fijo"))) -> Hasta $9.989 | N4370: =IF(L4370="","",IF(L4370<9990,700,IF(L4370<=19990,1000,0))) -> 700 | O4370: =IF(L4370="","",IF(L4370<19990,"No aplica (<$19.990)",IF(L4370<=30000,"$19.990-$30.000",IF(L4370<=40000,"$30.001-$40.000","Desde $40.001")))) -> No aplica (<$19.990) | P4370: {=IF(OR(L4370="",K4370=""),"",IF(L4370<19990,0,IF(L4370<=30000,INDEX(Tarifas!$C$2:$C$37,MATCH(K4370,Tarifas!$A$2:$A$37,1)),IF(L4370<=40000,INDEX(Tarifas!$D$2:$D$37,MATCH(K4370,Tarifas!$A$2:$A$37,1)),INDEX(Tarifas!$E$2:$E$37,MATCH(K4370,Tarifas!$A$2:$A$37,1))))))} | Q4370: =IF(OR(N4370="",P4370=""),"",N4370+P4370)
A4371: 123 | B4371: 123 | C4371: 123 | J4371: =IF(OR(H4371="",I4371=""),"",IF(H4371>=I4371,"Se calcula por Peso","Se calcula por P volum")) | K4371: =IF(OR(H4371="",I4371=""),"",MAX(H4371,I4371)) | L4371: 1100 | M4371: =IF(L4371="","",IF(L4371<9990,"Hasta $9.989",IF(L4371<=19990,"$9.990-$19.990","Sin costo fijo"))) -> Hasta $9.989 | N4371: =IF(L4371="","",IF(L4371<9990,700,IF(L4371<=19990,1000,0))) -> 700 | O4371: =IF(L4371="","",IF(L4371<19990,"No aplica (<$19.990)",IF(L4371<=30000,"$19.990-$30.000",IF(L4371<=40000,"$30.001-$40.000","Desde $40.001")))) -> No aplica (<$19.990) | P4371: {=IF(OR(L4371="",K4371=""),"",IF(L4371<19990,0,IF(L4371<=30000,INDEX(Tarifas!$C$2:$C$37,MATCH(K4371,Tarifas!$A$2:$A$37,1)),IF(L4371<=40000,INDEX(Tarifas!$D$2:$D$37,MATCH(K4371,Tarifas!$A$2:$A$37,1)),INDEX(Tarifas!$E$2:$E$37,MATCH(K4371,Tarifas!$A$2:$A$37,1))))))} | Q4371: =IF(OR(N4371="",P4371=""),"",N4371+P4371)
A4372: 123 | B4372: 123 | C4372: 123 | J4372: =IF(OR(H4372="",I4372=""),"",IF(H4372>=I4372,"Se calcula por Peso","Se calcula por P volum")) | K4372: =IF(OR(H4372="",I4372=""),"",MAX(H4372,I4372)) | L4372: 1100 | M4372: =IF(L4372="","",IF(L4372<9990,"Hasta $9.989",IF(L4372<=19990,"$9.990-$19.990","Sin costo fijo"))) -> Hasta $9.989 | N4372: =IF(L4372="","",IF(L4372<9990,700,IF(L4372<=19990,1000,0))) -> 700 | O4372: =IF(L4372="","",IF(L4372<19990,"No aplica (<$19.990)",IF(L4372<=30000,"$19.990-$30.000",IF(L4372<=40000,"$30.001-$40.000","Desde $40.001")))) -> No aplica (<$19.990) | P4372: {=IF(OR(L4372="",K4372=""),"",IF(L4372<19990,0,IF(L4372<=30000,INDEX(Tarifas!$C$2:$C$37,MATCH(K4372,Tarifas!$A$2:$A$37,1)),IF(L4372<=40000,INDEX(Tarifas!$D$2:$D$37,MATCH(K4372,Tarifas!$A$2:$A$37,1)),INDEX(Tarifas!$E$2:$E$37,MATCH(K4372,Tarifas!$A$2:$A$37,1))))))} | Q4372: =IF(OR(N4372="",P4372=""),"",N4372+P4372)
A4373: 123 | B4373: 123 | C4373: 123 | J4373: =IF(OR(H4373="",I4373=""),"",IF(H4373>=I4373,"Se calcula por Peso","Se calcula por P volum")) | K4373: =IF(OR(H4373="",I4373=""),"",MAX(H4373,I4373)) | L4373: 1200 | M4373: =IF(L4373="","",IF(L4373<9990,"Hasta $9.989",IF(L4373<=19990,"$9.990-$19.990","Sin costo fijo"))) -> Hasta $9.989 | N4373: =IF(L4373="","",IF(L4373<9990,700,IF(L4373<=19990,1000,0))) -> 700 | O4373: =IF(L4373="","",IF(L4373<19990,"No aplica (<$19.990)",IF(L4373<=30000,"$19.990-$30.000",IF(L4373<=40000,"$30.001-$40.000","Desde $40.001")))) -> No aplica (<$19.990) | P4373: {=IF(OR(L4373="",K4373=""),"",IF(L4373<19990,0,IF(L4373<=30000,INDEX(Tarifas!$C$2:$C$37,MATCH(K4373,Tarifas!$A$2:$A$37,1)),IF(L4373<=40000,INDEX(Tarifas!$D$2:$D$37,MATCH(K4373,Tarifas!$A$2:$A$37,1)),INDEX(Tarifas!$E$2:$E$37,MATCH(K4373,Tarifas!$A$2:$A$37,1))))))} | Q4373: =IF(OR(N4373="",P4373=""),"",N4373+P4373)
A4374: 123 | B4374: 123 | C4374: 123 | J4374: =IF(OR(H4374="",I4374=""),"",IF(H4374>=I4374,"Se calcula por Peso","Se calcula por P volum")) | K4374: =IF(OR(H4374="",I4374=""),"",MAX(H4374,I4374)) | L4374: 1290 | M4374: =IF(L4374="","",IF(L4374<9990,"Hasta $9.989",IF(L4374<=19990,"$9.990-$19.990","Sin costo fijo"))) -> Hasta $9.989 | N4374: =IF(L4374="","",IF(L4374<9990,700,IF(L4374<=19990,1000,0))) -> 700 | O4374: =IF(L4374="","",IF(L4374<19990,"No aplica (<$19.990)",IF(L4374<=30000,"$19.990-$30.000",IF(L4374<=40000,"$30.001-$40.000","Desde $40.001")))) -> No aplica (<$19.990) | P4374: {=IF(OR(L4374="",K4374=""),"",IF(L4374<19990,0,IF(L4374<=30000,INDEX(Tarifas!$C$2:$C$37,MATCH(K4374,Tarifas!$A$2:$A$37,1)),IF(L4374<=40000,INDEX(Tarifas!$D$2:$D$37,MATCH(K4374,Tarifas!$A$2:$A$37,1)),INDEX(Tarifas!$E$2:$E$37,MATCH(K4374,Tarifas!$A$2:$A$37,1))))))} | Q4374: =IF(OR(N4374="",P4374=""),"",N4374+P4374)
A4375: 123 | B4375: 123 | C4375: 123 | J4375: =IF(OR(H4375="",I4375=""),"",IF(H4375>=I4375,"Se calcula por Peso","Se calcula por P volum")) | K4375: =IF(OR(H4375="",I4375=""),"",MAX(H4375,I4375)) | L4375: 1290 | M4375: =IF(L4375="","",IF(L4375<9990,"Hasta $9.989",IF(L4375<=19990,"$9.990-$19.990","Sin costo fijo"))) -> Hasta $9.989 | N4375: =IF(L4375="","",IF(L4375<9990,700,IF(L4375<=19990,1000,0))) -> 700 | O4375: =IF(L4375="","",IF(L4375<19990,"No aplica (<$19.990)",IF(L4375<=30000,"$19.990-$30.000",IF(L4375<=40000,"$30.001-$40.000","Desde $40.001")))) -> No aplica (<$19.990) | P4375: {=IF(OR(L4375="",K4375=""),"",IF(L4375<19990,0,IF(L4375<=30000,INDEX(Tarifas!$C$2:$C$37,MATCH(K4375,Tarifas!$A$2:$A$37,1)),IF(L4375<=40000,INDEX(Tarifas!$D$2:$D$37,MATCH(K4375,Tarifas!$A$2:$A$37,1)),INDEX(Tarifas!$E$2:$E$37,MATCH(K4375,Tarifas!$A$2:$A$37,1))))))} | Q4375: =IF(OR(N4375="",P4375=""),"",N4375+P4375)
A4376: 123 | B4376: 123 | C4376: 123 | J4376: =IF(OR(H4376="",I4376=""),"",IF(H4376>=I4376,"Se calcula por Peso","Se calcula por P volum")) | K4376: =IF(OR(H4376="",I4376=""),"",MAX(H4376,I4376)) | L4376: 1290 | M4376: =IF(L4376="","",IF(L4376<9990,"Hasta $9.989",IF(L4376<=19990,"$9.990-$19.990","Sin costo fijo"))) -> Hasta $9.989 | N4376: =IF(L4376="","",IF(L4376<9990,700,IF(L4376<=19990,1000,0))) -> 700 | O4376: =IF(L4376="","",IF(L4376<19990,"No aplica (<$19.990)",IF(L4376<=30000,"$19.990-$30.000",IF(L4376<=40000,"$30.001-$40.000","Desde $40.001")))) -> No aplica (<$19.990) | P4376: {=IF(OR(L4376="",K4376=""),"",IF(L4376<19990,0,IF(L4376<=30000,INDEX(Tarifas!$C$2:$C$37,MATCH(K4376,Tarifas!$A$2:$A$37,1)),IF(L4376<=40000,INDEX(Tarifas!$D$2:$D$37,MATCH(K4376,Tarifas!$A$2:$A$37,1)),INDEX(Tarifas!$E$2:$E$37,MATCH(K4376,Tarifas!$A$2:$A$37,1))))))} | Q4376: =IF(OR(N4376="",P4376=""),"",N4376+P4376)
A4377: 123 | B4377: 123 | C4377: 123 | J4377: =IF(OR(H4377="",I4377=""),"",IF(H4377>=I4377,"Se calcula por Peso","Se calcula por P volum")) | K4377: =IF(OR(H4377="",I4377=""),"",MAX(H4377,I4377)) | L4377: 1340 | M4377: =IF(L4377="","",IF(L4377<9990,"Hasta $9.989",IF(L4377<=19990,"$9.990-$19.990","Sin costo fijo"))) -> Hasta $9.989 | N4377: =IF(L4377="","",IF(L4377<9990,700,IF(L4377<=19990,1000,0))) -> 700 | O4377: =IF(L4377="","",IF(L4377<19990,"No aplica (<$19.990)",IF(L4377<=30000,"$19.990-$30.000",IF(L4377<=40000,"$30.001-$40.000","Desde $40.001")))) -> No aplica (<$19.990) | P4377: {=IF(OR(L4377="",K4377=""),"",IF(L4377<19990,0,IF(L4377<=30000,INDEX(Tarifas!$C$2:$C$37,MATCH(K4377,Tarifas!$A$2:$A$37,1)),IF(L4377<=40000,INDEX(Tarifas!$D$2:$D$37,MATCH(K4377,Tarifas!$A$2:$A$37,1)),INDEX(Tarifas!$E$2:$E$37,MATCH(K4377,Tarifas!$A$2:$A$37,1))))))} | Q4377: =IF(OR(N4377="",P4377=""),"",N4377+P4377)
A4378: 123 | B4378: 123 | C4378: 123 | J4378: =IF(OR(H4378="",I4378=""),"",IF(H4378>=I4378,"Se calcula por Peso","Se calcula por P volum")) | K4378: =IF(OR(H4378="",I4378=""),"",MAX(H4378,I4378)) | L4378: 1390 | M4378: =IF(L4378="","",IF(L4378<9990,"Hasta $9.989",IF(L4378<=19990,"$9.990-$19.990","Sin costo fijo"))) -> Hasta $9.989 | N4378: =IF(L4378="","",IF(L4378<9990,700,IF(L4378<=19990,1000,0))) -> 700 | O4378: =IF(L4378="","",IF(L4378<19990,"No aplica (<$19.990)",IF(L4378<=30000,"$19.990-$30.000",IF(L4378<=40000,"$30.001-$40.000","Desde $40.001")))) -> No aplica (<$19.990) | P4378: {=IF(OR(L4378="",K4378=""),"",IF(L4378<19990,0,IF(L4378<=30000,INDEX(Tarifas!$C$2:$C$37,MATCH(K4378,Tarifas!$A$2:$A$37,1)),IF(L4378<=40000,INDEX(Tarifas!$D$2:$D$37,MATCH(K4378,Tarifas!$A$2:$A$37,1)),INDEX(Tarifas!$E$2:$E$37,MATCH(K4378,Tarifas!$A$2:$A$37,1))))))} | Q4378: =IF(OR(N4378="",P4378=""),"",N4378+P4378)
A4379: 123 | B4379: 123 | C4379: 123 | J4379: =IF(OR(H4379="",I4379=""),"",IF(H4379>=I4379,"Se calcula por Peso","Se calcula por P volum")) | K4379: =IF(OR(H4379="",I4379=""),"",MAX(H4379,I4379)) | L4379: 1445 | M4379: =IF(L4379="","",IF(L4379<9990,"Hasta $9.989",IF(L4379<=19990,"$9.990-$19.990","Sin costo fijo"))) -> Hasta $9.989 | N4379: =IF(L4379="","",IF(L4379<9990,700,IF(L4379<=19990,1000,0))) -> 700 | O4379: =IF(L4379="","",IF(L4379<19990,"No aplica (<$19.990)",IF(L4379<=30000,"$19.990-$30.000",IF(L4379<=40000,"$30.001-$40.000","Desde $40.001")))) -> No aplica (<$19.990) | P4379: {=IF(OR(L4379="",K4379=""),"",IF(L4379<19990,0,IF(L4379<=30000,INDEX(Tarifas!$C$2:$C$37,MATCH(K4379,Tarifas!$A$2:$A$37,1)),IF(L4379<=40000,INDEX(Tarifas!$D$2:$D$37,MATCH(K4379,Tarifas!$A$2:$A$37,1)),INDEX(Tarifas!$E$2:$E$37,MATCH(K4379,Tarifas!$A$2:$A$37,1))))))} | Q4379: =IF(OR(N4379="",P4379=""),"",N4379+P4379)
A4380: 123 | B4380: 123 | C4380: 123 | J4380: =IF(OR(H4380="",I4380=""),"",IF(H4380>=I4380,"Se calcula por Peso","Se calcula por P volum")) | K4380: =IF(OR(H4380="",I4380=""),"",MAX(H4380,I4380)) | L4380: 1490 | M4380: =IF(L4380="","",IF(L4380<9990,"Hasta $9.989",IF(L4380<=19990,"$9.990-$19.990","Sin costo fijo"))) -> Hasta $9.989 | N4380: =IF(L4380="","",IF(L4380<9990,700,IF(L4380<=19990,1000,0))) -> 700 | O4380: =IF(L4380="","",IF(L4380<19990,"No aplica (<$19.990)",IF(L4380<=30000,"$19.990-$30.000",IF(L4380<=40000,"$30.001-$40.000","Desde $40.001")))) -> No aplica (<$19.990) | P4380: {=IF(OR(L4380="",K4380=""),"",IF(L4380<19990,0,IF(L4380<=30000,INDEX(Tarifas!$C$2:$C$37,MATCH(K4380,Tarifas!$A$2:$A$37,1)),IF(L4380<=40000,INDEX(Tarifas!$D$2:$D$37,MATCH(K4380,Tarifas!$A$2:$A$37,1)),INDEX(Tarifas!$E$2:$E$37,MATCH(K4380,Tarifas!$A$2:$A$37,1))))))} | Q4380: =IF(OR(N4380="",P4380=""),"",N4380+P4380)
A4381: 123 | B4381: 123 | C4381: 123 | J4381: =IF(OR(H4381="",I4381=""),"",IF(H4381>=I4381,"Se calcula por Peso","Se calcula por P volum")) | K4381: =IF(OR(H4381="",I4381=""),"",MAX(H4381,I4381)) | L4381: 1490 | M4381: =IF(L4381="","",IF(L4381<9990,"Hasta $9.989",IF(L4381<=19990,"$9.990-$19.990","Sin costo fijo"))) -> Hasta $9.989 | N4381: =IF(L4381="","",IF(L4381<9990,700,IF(L4381<=19990,1000,0))) -> 700 | O4381: =IF(L4381="","",IF(L4381<19990,"No aplica (<$19.990)",IF(L4381<=30000,"$19.990-$30.000",IF(L4381<=40000,"$30.001-$40.000","Desde $40.001")))) -> No aplica (<$19.990) | P4381: {=IF(OR(L4381="",K4381=""),"",IF(L4381<19990,0,IF(L4381<=30000,INDEX(Tarifas!$C$2:$C$37,MATCH(K4381,Tarifas!$A$2:$A$37,1)),IF(L4381<=40000,INDEX(Tarifas!$D$2:$D$37,MATCH(K4381,Tarifas!$A$2:$A$37,1)),INDEX(Tarifas!$E$2:$E$37,MATCH(K4381,Tarifas!$A$2:$A$37,1))))))} | Q4381: =IF(OR(N4381="",P4381=""),"",N4381+P4381)
... A5197: 123 | B5197: 123 | C5197: 123 | J5197: =IF(OR(H5197="",I5197=""),"",IF(H5197>=I5197,"Se calcula por Peso","Se calcula por P volum")) | K5197: =IF(OR(H5197="",I5197=""),"",MAX(H5197,I5197)) | L5197: 29991 | M5197: =IF(L5197="","",IF(L5197<9990,"Hasta $9.989",IF(L5197<=19990,"$9.990-$19.990","Sin costo fijo"))) -> Sin costo fijo | N5197: =IF(L5197="","",IF(L5197<9990,700,IF(L5197<=19990,1000,0))) -> 0 | O5197: =IF(L5197="","",IF(L5197<19990,"No aplica (<$19.990)",IF(L5197<=30000,"$19.990-$30.000",IF(L5197<=40000,"$30.001-$40.000","Desde $40.001")))) -> $19.990-$30.000 | P5197: {=IF(OR(L5197="",K5197=""),"",IF(L5197<19990,0,IF(L5197<=30000,INDEX(Tarifas!$C$2:$C$37,MATCH(K5197,Tarifas!$A$2:$A$37,1)),IF(L5197<=40000,INDEX(Tarifas!$D$2:$D$37,MATCH(K5197,Tarifas!$A$2:$A$37,1)),INDEX(Tarifas!$E$2:$E$37,MATCH(K5197,Tarifas!$A$2:$A$37,1))))))} | Q5197: =IF(OR(N5197="",P5197=""),"",N5197+P5197)

Sheet Tarifas
A1: Peso máximo (kg) | B1: Tarifa base (<19990) | C1: Tarifa 19990-30000 | D1: Tarifa 30001-40000 | E1: Tarifa 40001+
A2: 0.1 | B2: 6000 | C2: 2400 | D2: 2700 | E2: 3000
A3: 0.2 | B3: 6000 | C3: 2400 | D3: 2700 | E3: 3000
A4: 0.3 | B4: 6000 | C4: 2400 | D4: 2700 | E4: 3000
A5: 0.5 | B5: 6200 | C5: 2480 | D5: 2790 | E5: 3100
A6: 1 | B6: 6400 | C6: 2560 | D6: 2880 | E6: 3200
A7: 1.5 | B7: 6600 | C7: 2640 | D7: 2970 | E7: 3300
A8: 2 | B8: 7200 | C8: 2880 | D8: 3240 | E8: 3600
A9: 3 | B9: 7600 | C9: 3040 | D9: 3420 | E9: 3800
A10: 4 | B10: 9100 | C10: 3640 | D10: 4095 | E10: 4550
A11: 5 | B11: 9500 | C11: 3800 | D11: 4275 | E11: 4750
A12: 6 | B12: 10100 | C12: 4040 | D12: 4545 | E12: 5050
A13: 8 | B13: 11300 | C13: 4520 | D13: 5085 | E13: 5650
... A37: 999999 | B37: 186800 | C37: 74720 | D37: 84060 | E37: 93400

Sheet TARIFAS_2026
A1: Tarifas 2026 actualizadas por modalidad (13-04-2026)
A6: 1) Full / Colecta / Centros / Correo | F6: 2) Full Súper (< $19.990) | N6: 3) Flex | Q6: Reglas aplicadas en el archivo
A7: Peso máximo (kg) | B7: Hasta $9.989 | C7: $9.990-$19.989 | D7: Desde $19.990 | F7: Peso máximo (kg) | G7: Hasta $1.989 | H7: $1.990-$3.989 | I7: $3.990-$6.989 | J7: $6.990-$9.989 | K7: $9.990-$13.989 | L7: $13.990-$19.989 | N7: Tramo precio | O7: Costo por unidad | Q7: • Tabla general aplica a Full, Colecta, Centros y Correo.
A8: 0 | B8: 800 | C8: 1000 | D8: 3050 | F8: 0 | G8: 85 | H8: 160 | I8: 260 | J8: 410 | K8: 600 | L8: 825 | N8: Hasta $9.989 | O8: 800 | Q8: • Flex se actualiza solo bajo $19.990 (según política pegada).
A9: 0.3 | B9: 800 | C9: 1000 | D9: 3050 | F9: 2 | G9: 85 | H9: 160 | I9: 260 | J9: 410 | K9: 600 | L9: 825 | N9: $9.990-$19.989 | O9: 1000 | Q9: • Full + Flex usa el menor costo publicado bajo $19.990; sobre $19.990 usa tabla general.
A10: 0.5 | B10: 810 | C10: 1020 | D10: 3150 | F10: 5 | G10: 100 | H10: 200 | I10: 350 | J10: 550 | K10: 750 | L10: 1000 | N10: Desde $19.990 | O10: Sin cambio publicado | Q10: • Full Súper queda disponible por override manual en la columna Modalidad 2026.
A11: 1 | B11: 830 | C11: 1040 | D11: 3250 | F11: 8 | G11: 115 | H11: 250 | I11: 400 | J11: 625 | K11: 850 | L11: 1200 | Q11: • Se agregó una fila 0,0 kg para evitar #N/A en pesos menores a 0,3 kg.
A12: 1.5 | B12: 850 | C12: 1060 | D12: 3400 | F12: 999999 | G12: 130 | H12: 275 | I12: 450 | J12: 700 | K12: 1000 | L12: 1300
A13: 2 | B13: 870 | C13: 1080 | D13: 3600
A14: 3 | B14: 900 | C14: 1100 | D14: 3950
A15: 4 | B15: 1040 | C15: 1280 | D15: 4550
A16: 5 | B16: 1180 | C16: 1460 | D16: 4900
A17: 6 | B17: 1330 | C17: 1640 | D17: 5200
A18: 8 | B18: 1470 | C18: 1820 | D18: 5800
A19: 10 | B19: 1590 | C19: 1990 | D19: 6200
A20: 15 | B20: 1740 | C20: 2290 | D20: 7200
A21: 20 | B21: 1890 | C21: 2590 | D21: 8500
A22: 25 | B22: 2040 | C22: 2890 | D22: 10000
A23: 30 | B23: 2190 | C23: 3190 | D23: 13050
A24: 40 | B24: 2390 | C24: 3590 | D24: 15000
... A42: 999999 | B42: 5990 | C42: 10990 | D42: 93400
A45: * Se usa el peso más alto entre físico y volumétrico.

Sheet ANALISIS_2026
A1: Análisis impacto tarifas Mercado Libre 2026 (actualizado por modalidad)
A2: Total publicaciones | B2: Cambio total $ | C2: Promedio cambio $ | D2: Casos críticos | E2: Casos medios | F2: Casos bajos | H2: Modelo actual = costo fijo + envío actual | N2: Reglas: se muestran costos por modalidad para comparar publicación M.Envíos, Flex, Full + Flex y Full Súper
A3: =COUNTA(A6:A1048576) -> 5196 | B3: =SUM(V6:V1048576) -> #REF! | C3: =AVERAGE(V6:V1048576) -> #REF! | D3: =COUNTIF(X6:X1048576,"CRITICO") -> 0 | E3: =COUNTIF(X6:X1048576,"MEDIO") -> 0 | F3: =COUNTIF(X6:X1048576,"BAJO") -> 0 | H3: Modelo nuevo = modalidad logística + tabla 2026 + Flex actualizado | N3: Menor costo 2026 = alternativa más barata por MLC | Mejor entrega = modalidad recomendada por costo
A5: Id | B5: SKU | C5: Título | D5: Dimensiones | E5: Ancho CM | F5: Profundidad CM | G5: Largo CM | H5: Peso KG | I5: P VOLUM | J5: Método envío | K5: Peso a cobrar (kg) | L5: Precio venta | M5: Tramo fijo antiguo | N5: Costo fijo antiguo | O5: Tramo envío antiguo | P5: Costo envío antiguo | Q5: Costo total antiguo | R5: Costo nuevos M.Envíos | S5: Costo nuevo Flex | T5: Costo nuevo Full + Flex | U5: Costo nuevo Full Súper | V5: Diferencia $ | W5: Diferencia % precio | X5: Impacto
A6: ='MEDIDAS ML'!A1008 -> 123 | B6: ='MEDIDAS ML'!B1008 -> 123 | C6: ='MEDIDAS ML'!C1008 -> 123 | D6: ='MEDIDAS ML'!D1008 -> 10x23x35 cm - 1400 grs | E6: ='MEDIDAS ML'!E1008 -> 10 | F6: ='MEDIDAS ML'!F1008 -> 23 | G6: ='MEDIDAS ML'!G1008 -> 35 | H6: ='MEDIDAS ML'!H1008 -> 1.4 | ... Q6: ='MEDIDAS ML'!Q1008 -> 700 | R6: ='MEDIDAS ML'!#REF! -> #REF! | S6: ='MEDIDAS ML'!#REF! -> #REF! | T6: ='MEDIDAS ML'!#REF! -> #REF! | U6: ='MEDIDAS ML'!#REF! -> #REF! | V6: ='MEDIDAS ML'!#REF! -> #REF! | W6: ='MEDIDAS ML'!#REF! -> #REF! | X6: ='MEDIDAS ML'!#REF! -> #REF!
A7: ='MEDIDAS ML'!A1302 -> 123 | B7: ='MEDIDAS ML'!B1302 -> 123 | C7: ='MEDIDAS ML'!C1302 -> 123 | D7: ='MEDIDAS ML'!D1302 -> 9x26x67 cm - 1019 grs | E7: ='MEDIDAS ML'!E1302 -> 9 | F7: ='MEDIDAS ML'!F1302 -> 26 | G7: ='MEDIDAS ML'!G1302 -> 67 | H7: ='MEDIDAS ML'!H1302 -> 1.019 | ... Q7: ='MEDIDAS ML'!Q1302 -> 700 | R7: ='MEDIDAS ML'!#REF! -> #REF! | S7: ='MEDIDAS ML'!#REF! -> #REF! | T7: ='MEDIDAS ML'!#REF! -> #REF! | U7: ='MEDIDAS ML'!#REF! -> #REF! | V7: ='MEDIDAS ML'!#REF! -> #REF! | W7: ='MEDIDAS ML'!#REF! -> #REF! | X7: ='MEDIDAS ML'!#REF! -> #REF!
A8: ='MEDIDAS ML'!A1713 -> 123 | B8: ='MEDIDAS ML'!B1713 -> 123 | C8: ='MEDIDAS ML'!C1713 -> 123 | D8: ='MEDIDAS ML'!D1713 -> 11x21x35 cm - 663 grs | E8: ='MEDIDAS ML'!E1713 -> 11 | F8: ='MEDIDAS ML'!F1713 -> 21 | G8: ='MEDIDAS ML'!G1713 -> 35 | H8: ='MEDIDAS ML'!H1713 -> 0.663 | ... Q8: ='MEDIDAS ML'!Q1713 -> 700 | R8: ='MEDIDAS ML'!#REF! -> #REF! | S8: ='MEDIDAS ML'!#REF! -> #REF! | T8: ='MEDIDAS ML'!#REF! -> #REF! | U8: ='MEDIDAS ML'!#REF! -> #REF! | V8: ='MEDIDAS ML'!#REF! -> #REF! | W8: ='MEDIDAS ML'!#REF! -> #REF! | X8: ='MEDIDAS ML'!#REF! -> #REF!
A9: ='MEDIDAS ML'!A2057 -> 123 | B9: ='MEDIDAS ML'!B2057 -> 123 | C9: ='MEDIDAS ML'!C2057 -> 123 | D9: ='MEDIDAS ML'!D2057 -> 11x18x26 cm - 505 grs | E9: ='MEDIDAS ML'!E2057 -> 11 | F9: ='MEDIDAS ML'!F2057 -> 18 | G9: ='MEDIDAS ML'!G2057 -> 26 | H9: ='MEDIDAS ML'!H2057 -> 0.505 | ... Q9: ='MEDIDAS ML'!Q2057 -> 700 | R9: ='MEDIDAS ML'!#REF! -> #REF! | S9: ='MEDIDAS ML'!#REF! -> #REF! | T9: ='MEDIDAS ML'!#REF! -> #REF! | U9: ='MEDIDAS ML'!#REF! -> #REF! | V9: ='MEDIDAS ML'!#REF! -> #REF! | W9: ='MEDIDAS ML'!#REF! -> #REF! | X9: ='MEDIDAS ML'!#REF! -> #REF!
A10: ='MEDIDAS ML'!A2058 -> 123 | B10: ='MEDIDAS ML'!B2058 -> 123 | C10: ='MEDIDAS ML'!C2058 -> 123 | D10: ='MEDIDAS ML'!D2058 -> 11x18x26 cm - 505 grs | E10: ='MEDIDAS ML'!E2058 -> 11 | F10: ='MEDIDAS ML'!F2058 -> 18 | G10: ='MEDIDAS ML'!G2058 -> 26 | H10: ='MEDIDAS ML'!H2058 -> 0.505 | ... Q10: ='MEDIDAS ML'!Q2058 -> 700 | R10: ='MEDIDAS ML'!#REF! -> #REF! | S10: ='MEDIDAS ML'!#REF! -> #REF! | T10: ='MEDIDAS ML'!#REF! -> #REF! | U10: ='MEDIDAS ML'!#REF! -> #REF! | V10: ='MEDIDAS ML'!#REF! -> #REF! | W10: ='MEDIDAS ML'!#REF! -> #REF! | X10: ='MEDIDAS ML'!#REF! -> #REF!
A11: ='MEDIDAS ML'!A2240 -> 123 | B11: ='MEDIDAS ML'!B2240 -> 123 | C11: ='MEDIDAS ML'!C2240 -> 123 | D11: ='MEDIDAS ML'!D2240 -> 9x20x27 cm - 439 grs | E11: ='MEDIDAS ML'!E2240 -> 9 | F11: ='MEDIDAS ML'!F2240 -> 20 | G11: ='MEDIDAS ML'!G2240 -> 27 | H11: ='MEDIDAS ML'!H2240 -> 0.439 | ... Q11: ='MEDIDAS ML'!Q2240 -> 700 | R11: ='MEDIDAS ML'!#REF! -> #REF! | S11: ='MEDIDAS ML'!#REF! -> #REF! | T11: ='MEDIDAS ML'!#REF! -> #REF! | U11: ='MEDIDAS ML'!#REF! -> #REF! | V11: ='MEDIDAS ML'!#REF! -> #REF! | W11: ='MEDIDAS ML'!#REF! -> #REF! | X11: ='MEDIDAS ML'!#REF! -> #REF!
A12: ='MEDIDAS ML'!A2437 -> 123 | B12: ='MEDIDAS ML'!B2437 -> 123 | C12: ='MEDIDAS ML'!C2437 -> 123 | D12: ='MEDIDAS ML'!D2437 -> 4x21x25 cm - 372 grs | E12: ='MEDIDAS ML'!E2437 -> 4 | F12: ='MEDIDAS ML'!F2437 -> 21 | G12: ='MEDIDAS ML'!G2437 -> 25 | H12: ='MEDIDAS ML'!H2437 -> 0.372 | ... Q12: ='MEDIDAS ML'!Q2437 -> 700 | R12: ='MEDIDAS ML'!#REF! -> #REF! | S12: ='MEDIDAS ML'!#REF! -> #REF! | T12: ='MEDIDAS ML'!#REF! -> #REF! | U12: ='MEDIDAS ML'!#REF! -> #REF! | V12: ='MEDIDAS ML'!#REF! -> #REF! | W12: ='MEDIDAS ML'!#REF! -> #REF! | X12: ='MEDIDAS ML'!#REF! -> #REF!
A13: ='MEDIDAS ML'!A2438 -> 123 | B13: ='MEDIDAS ML'!B2438 -> 123 | C13: ='MEDIDAS ML'!C2438 -> 123 | D13: ='MEDIDAS ML'!D2438 -> 4x21x25 cm - 372 grs | E13: ='MEDIDAS ML'!E2438 -> 4 | F13: ='MEDIDAS ML'!F2438 -> 21 | G13: ='MEDIDAS ML'!G2438 -> 25 | H13: ='MEDIDAS ML'!H2438 -> 0.372 | ... Q13: ='MEDIDAS ML'!Q2438 -> 700 | R13: ='MEDIDAS ML'!#REF! -> #REF! | S13: ='MEDIDAS ML'!#REF! -> #REF! | T13: ='MEDIDAS ML'!#REF! -> #REF! | U13: ='MEDIDAS ML'!#REF! -> #REF! | V13: ='MEDIDAS ML'!#REF! -> #REF! | W13: ='MEDIDAS ML'!#REF! -> #REF! | X13: ='MEDIDAS ML'!#REF! -> #REF!
A14: ='MEDIDAS ML'!A3524 -> 123 | B14: ='MEDIDAS ML'!B3524 -> 123 | C14: ='MEDIDAS ML'!C3524 -> 123 | D14: ='MEDIDAS ML'!D3524 -> 8x12x18 cm - 171 grs | E14: ='MEDIDAS ML'!E3524 -> 8 | F14: ='MEDIDAS ML'!F3524 -> 12 | G14: ='MEDIDAS ML'!G3524 -> 18 | H14: ='MEDIDAS ML'!H3524 -> 0.171 | ... Q14: ='MEDIDAS ML'!Q3524 -> 700 | R14: ='MEDIDAS ML'!#REF! -> #REF! | S14: ='MEDIDAS ML'!#REF! -> #REF! | T14: ='MEDIDAS ML'!#REF! -> #REF! | U14: ='MEDIDAS ML'!#REF! -> #REF! | V14: ='MEDIDAS ML'!#REF! -> #REF! | W14: ='MEDIDAS ML'!#REF! -> #REF! | X14: ='MEDIDAS ML'!#REF! -> #REF!
A15: ='MEDIDAS ML'!A3525 -> 123 | B15: ='MEDIDAS ML'!B3525 -> 123 | C15: ='MEDIDAS ML'!C3525 -> 123 | D15: ='MEDIDAS ML'!D3525 -> 8x12x18 cm - 171 grs | E15: ='MEDIDAS ML'!E3525 -> 8 | F15: ='MEDIDAS ML'!F3525 -> 12 | G15: ='MEDIDAS ML'!G3525 -> 18 | H15: ='MEDIDAS ML'!H3525 -> 0.171 | ... Q15: ='MEDIDAS ML'!Q3525 -> 700 | R15: ='MEDIDAS ML'!#REF! -> #REF! | S15: ='MEDIDAS ML'!#REF! -> #REF! | T15: ='MEDIDAS ML'!#REF! -> #REF! | U15: ='MEDIDAS ML'!#REF! -> #REF! | V15: ='MEDIDAS ML'!#REF! -> #REF! | W15: ='MEDIDAS ML'!#REF! -> #REF! | X15: ='MEDIDAS ML'!#REF! -> #REF!
A16: ='MEDIDAS ML'!A3532 -> 123 | B16: ='MEDIDAS ML'!B3532 -> 123 | C16: ='MEDIDAS ML'!C3532 -> 123 | D16: ='MEDIDAS ML'!D3532 -> 7x12x20 cm - 167 grs | E16: ='MEDIDAS ML'!E3532 -> 7 | F16: ='MEDIDAS ML'!F3532 -> 12 | G16: ='MEDIDAS ML'!G3532 -> 20 | H16: ='MEDIDAS ML'!H3532 -> 0.167 | ... Q16: ='MEDIDAS ML'!Q3532 -> 700 | R16: ='MEDIDAS ML'!#REF! -> #REF! | S16: ='MEDIDAS ML'!#REF! -> #REF! | T16: ='MEDIDAS ML'!#REF! -> #REF! | U16: ='MEDIDAS ML'!#REF! -> #REF! | V16: ='MEDIDAS ML'!#REF! -> #REF! | W16: ='MEDIDAS ML'!#REF! -> #REF! | X16: ='MEDIDAS ML'!#REF! -> #REF!
A17: ='MEDIDAS ML'!A3024 -> 123 | B17: ='MEDIDAS ML'!B3024 -> 123 | C17: ='MEDIDAS ML'!C3024 -> 123 | D17: ='MEDIDAS ML'!D3024 -> 7x11x19 cm - 255 grs | E17: ='MEDIDAS ML'!E3024 -> 7 | F17: ='MEDIDAS ML'!F3024 -> 11 | G17: ='MEDIDAS ML'!G3024 -> 19 | H17: ='MEDIDAS ML'!H3024 -> 0.255 | ... Q17: ='MEDIDAS ML'!Q3024 -> 700 | R17: ='MEDIDAS ML'!#REF! -> #REF! | S17: ='MEDIDAS ML'!#REF! -> #REF! | T17: ='MEDIDAS ML'!#REF! -> #REF! | U17: ='MEDIDAS ML'!#REF! -> #REF! | V17: ='MEDIDAS ML'!#REF! -> #REF! | W17: ='MEDIDAS ML'!#REF! -> #REF! | X17: ='MEDIDAS ML'!#REF! -> #REF!
A18: ='MEDIDAS ML'!A3109 -> 123 | B18: ='MEDIDAS ML'!B3109 -> 123 | C18: ='MEDIDAS ML'!C3109 -> 123 | D18: ='MEDIDAS ML'!D3109 -> 7x11x19 cm - 241 grs | E18: ='MEDIDAS ML'!E3109 -> 7 | F18: ='MEDIDAS ML'!F3109 -> 11 | G18: ='MEDIDAS ML'!G3109 -> 19 | H18: ='MEDIDAS ML'!H3109 -> 0.241 | ... Q18: ='MEDIDAS ML'!Q3109 -> 700 | R18: ='MEDIDAS ML'!#REF! -> #REF! | S18: ='MEDIDAS ML'!#REF! -> #REF! | T18: ='MEDIDAS ML'!#REF! -> #REF! | U18: ='MEDIDAS ML'!#REF! -> #REF! | V18: ='MEDIDAS ML'!#REF! -> #REF! | W18: ='MEDIDAS ML'!#REF! -> #REF! | X18: ='MEDIDAS ML'!#REF! -> #REF!
A19: ='MEDIDAS ML'!A4003 -> 123 | B19: ='MEDIDAS ML'!B4003 -> 123 | C19: ='MEDIDAS ML'!C4003 -> 123 | D19: ='MEDIDAS ML'!D4003 -> 3x10x20 cm - 86 grs | E19: ='MEDIDAS ML'!E4003 -> 3 | F19: ='MEDIDAS ML'!F4003 -> 10 | G19: ='MEDIDAS ML'!G4003 -> 20 | H19: ='MEDIDAS ML'!H4003 -> 0.086 | ... Q19: ='MEDIDAS ML'!Q4003 -> 700 | R19: ='MEDIDAS ML'!#REF! -> #REF! | S19: ='MEDIDAS ML'!#REF! -> #REF! | T19: ='MEDIDAS ML'!#REF! -> #REF! | U19: ='MEDIDAS ML'!#REF! -> #REF! | V19: ='MEDIDAS ML'!#REF! -> #REF! | W19: ='MEDIDAS ML'!#REF! -> #REF! | X19: ='MEDIDAS ML'!#REF! -> #REF!
A20: ='MEDIDAS ML'!A4004 -> 123 | B20: ='MEDIDAS ML'!B4004 -> 123 | C20: ='MEDIDAS ML'!C4004 -> 123 | D20: ='MEDIDAS ML'!D4004 -> 3x10x20 cm - 86 grs | E20: ='MEDIDAS ML'!E4004 -> 3 | F20: ='MEDIDAS ML'!F4004 -> 10 | G20: ='MEDIDAS ML'!G4004 -> 20 | H20: ='MEDIDAS ML'!H4004 -> 0.086 | ... Q20: ='MEDIDAS ML'!Q4004 -> 700 | R20: ='MEDIDAS ML'!#REF! -> #REF! | S20: ='MEDIDAS ML'!#REF! -> #REF! | T20: ='MEDIDAS ML'!#REF! -> #REF! | U20: ='MEDIDAS ML'!#REF! -> #REF! | V20: ='MEDIDAS ML'!#REF! -> #REF! | W20: ='MEDIDAS ML'!#REF! -> #REF! | X20: ='MEDIDAS ML'!#REF! -> #REF!
A21: ='MEDIDAS ML'!A3104 -> 123 | B21: ='MEDIDAS ML'!B3104 -> 123 | C21: ='MEDIDAS ML'!C3104 -> 123 | D21: ='MEDIDAS ML'!D3104 -> 7x27x33 cm - 241 grs | E21: ='MEDIDAS ML'!E3104 -> 7 | F21: ='MEDIDAS ML'!F3104 -> 27 | G21: ='MEDIDAS ML'!G3104 -> 33 | H21: ='MEDIDAS ML'!H3104 -> 0.241 | ... Q21: ='MEDIDAS ML'!Q3104 -> 700 | R21: ='MEDIDAS ML'!#REF! -> #REF! | S21: ='MEDIDAS ML'!#REF! -> #REF! | T21: ='MEDIDAS ML'!#REF! -> #REF! | U21: ='MEDIDAS ML'!#REF! -> #REF! | V21: ='MEDIDAS ML'!#REF! -> #REF! | W21: ='MEDIDAS ML'!#REF! -> #REF! | X21: ='MEDIDAS ML'!#REF! -> #REF!
A22: ='MEDIDAS ML'!A4235 -> 123 | B22: ='MEDIDAS ML'!B4235 -> 123 | C22: ='MEDIDAS ML'!C4235 -> 123 | D22: ='MEDIDAS ML'!D4235 -> 3x9x9 cm - 40 grs | E22: ='MEDIDAS ML'!E4235 -> 3 | F22: ='MEDIDAS ML'!F4235 -> 9 | G22: ='MEDIDAS ML'!G4235 -> 9 | H22: ='MEDIDAS ML'!H4235 -> 0.04 | ... Q22: ='MEDIDAS ML'!Q4235 -> 700 | R22: ='MEDIDAS ML'!#REF! -> #REF! | S22: ='MEDIDAS ML'!#REF! -> #REF! | T22: ='MEDIDAS ML'!#REF! -> #REF! | U22: ='MEDIDAS ML'!#REF! -> #REF! | V22: ='MEDIDAS ML'!#REF! -> #REF! | W22: ='MEDIDAS ML'!#REF! -> #REF! | X22: ='MEDIDAS ML'!#REF! -> #REF!
A23: ='MEDIDAS ML'!A4236 -> 123 | B23: ='MEDIDAS ML'!B4236 -> 123 | C23: ='MEDIDAS ML'!C4236 -> 123 | D23: ='MEDIDAS ML'!D4236 -> 3x9x9 cm - 40 grs | E23: ='MEDIDAS ML'!E4236 -> 3 | F23: ='MEDIDAS ML'!F4236 -> 9 | G23: ='MEDIDAS ML'!G4236 -> 9 | H23: ='MEDIDAS ML'!H4236 -> 0.04 | ... Q23: ='MEDIDAS ML'!Q4236 -> 700 | R23: ='MEDIDAS ML'!#REF! -> #REF! | S23: ='MEDIDAS ML'!#REF! -> #REF! | T23: ='MEDIDAS ML'!#REF! -> #REF! | U23: ='MEDIDAS ML'!#REF! -> #REF! | V23: ='MEDIDAS ML'!#REF! -> #REF! | W23: ='MEDIDAS ML'!#REF! -> #REF! | X23: ='MEDIDAS ML'!#REF! -> #REF!
A24: ='MEDIDAS ML'!A3019 -> 123 | B24: ='MEDIDAS ML'!B3019 -> 123 | C24: ='MEDIDAS ML'!C3019 -> 123 | D24: ='MEDIDAS ML'!D3019 -> 8x12x21 cm - 256 grs | E24: ='MEDIDAS ML'!E3019 -> 8 | F24: ='MEDIDAS ML'!F3019 -> 12 | G24: ='MEDIDAS ML'!G3019 -> 21 | H24: ='MEDIDAS ML'!H3019 -> 0.256 | ... Q24: ='MEDIDAS ML'!Q3019 -> 700 | R24: ='MEDIDAS ML'!#REF! -> #REF! | S24: ='MEDIDAS ML'!#REF! -> #REF! | T24: ='MEDIDAS ML'!#REF! -> #REF! | U24: ='MEDIDAS ML'!#REF! -> #REF! | V24: ='MEDIDAS ML'!#REF! -> #REF! | W24: ='MEDIDAS ML'!#REF! -> #REF! | X24: ='MEDIDAS ML'!#REF! -> #REF!
A25: ='MEDIDAS ML'!A3020 -> 123 | B25: ='MEDIDAS ML'!B3020 -> 123 | C25: ='MEDIDAS ML'!C3020 -> 123 | D25: ='MEDIDAS ML'!D3020 -> 8x12x21 cm - 256 grs | E25: ='MEDIDAS ML'!E3020 -> 8 | F25: ='MEDIDAS ML'!F3020 -> 12 | G25: ='MEDIDAS ML'!G3020 -> 21 | H25: ='MEDIDAS ML'!H3020 -> 0.256 | ... Q25: ='MEDIDAS ML'!Q3020 -> 700 | R25: ='MEDIDAS ML'!#REF! -> #REF! | S25: ='MEDIDAS ML'!#REF! -> #REF! | T25: ='MEDIDAS ML'!#REF! -> #REF! | U25: ='MEDIDAS ML'!#REF! -> #REF! | V25: ='MEDIDAS ML'!#REF! -> #REF! | W25: ='MEDIDAS ML'!#REF! -> #REF! | X25: ='MEDIDAS ML'!#REF! -> #REF!
A26: ='MEDIDAS ML'!A3081 -> 123 | B26: ='MEDIDAS ML'!B3081 -> 123 | C26: ='MEDIDAS ML'!C3081 -> 123 | D26: ='MEDIDAS ML'!D3081 -> 7x15x22 cm - 248 grs | E26: ='MEDIDAS ML'!E3081 -> 7 | F26: ='MEDIDAS ML'!F3081 -> 15 | G26: ='MEDIDAS ML'!G3081 -> 22 | H26: ='MEDIDAS ML'!H3081 -> 0.248 | ... Q26: ='MEDIDAS ML'!Q3081 -> 700 | R26: ='MEDIDAS ML'!#REF! -> #REF! | S26: ='MEDIDAS ML'!#REF! -> #REF! | T26: ='MEDIDAS ML'!#REF! -> #REF! | U26: ='MEDIDAS ML'!#REF! -> #REF! | V26: ='MEDIDAS ML'!#REF! -> #REF! | W26: ='MEDIDAS ML'!#REF! -> #REF! | X26: ='MEDIDAS ML'!#REF! -> #REF!
A27: ='MEDIDAS ML'!A3735 -> 123 | B27: ='MEDIDAS ML'!B3735 -> 123 | C27: ='MEDIDAS ML'!C3735 -> 123 | D27: ='MEDIDAS ML'!D3735 -> 3x11x13 cm - 132 grs | E27: ='MEDIDAS ML'!E3735 -> 3 | F27: ='MEDIDAS ML'!F3735 -> 11 | G27: ='MEDIDAS ML'!G3735 -> 13 | H27: ='MEDIDAS ML'!H3735 -> 0.132 | ... Q27: ='MEDIDAS ML'!Q3735 -> 700 | R27: ='MEDIDAS ML'!#REF! -> #REF! | S27: ='MEDIDAS ML'!#REF! -> #REF! | T27: ='MEDIDAS ML'!#REF! -> #REF! | U27: ='MEDIDAS ML'!#REF! -> #REF! | V27: ='MEDIDAS ML'!#REF! -> #REF! | W27: ='MEDIDAS ML'!#REF! -> #REF! | X27: ='MEDIDAS ML'!#REF! -> #REF!
A28: ='MEDIDAS ML'!A99 -> 123 | B28: ='MEDIDAS ML'!B99 -> 123 | C28: ='MEDIDAS ML'!C99 -> 123 | D28: ='MEDIDAS ML'!D99 -> 14x33x71 cm - 8491 grs | E28: ='MEDIDAS ML'!E99 -> 14 | F28: ='MEDIDAS ML'!F99 -> 33 | G28: ='MEDIDAS ML'!G99 -> 71 | H28: ='MEDIDAS ML'!H99 -> 8.491 | ... Q28: ='MEDIDAS ML'!Q99 -> 700 | R28: ='MEDIDAS ML'!#REF! -> #REF! | S28: ='MEDIDAS ML'!#REF! -> #REF! | T28: ='MEDIDAS ML'!#REF! -> #REF! | U28: ='MEDIDAS ML'!#REF! -> #REF! | V28: ='MEDIDAS ML'!#REF! -> #REF! | W28: ='MEDIDAS ML'!#REF! -> #REF! | X28: ='MEDIDAS ML'!#REF! -> #REF!
A29: ='MEDIDAS ML'!A100 -> 123 | B29: ='MEDIDAS ML'!B100 -> 123 | C29: ='MEDIDAS ML'!C100 -> 123 | D29: ='MEDIDAS ML'!D100 -> 14x33x71 cm - 8491 grs | E29: ='MEDIDAS ML'!E100 -> 14 | F29: ='MEDIDAS ML'!F100 -> 33 | G29: ='MEDIDAS ML'!G100 -> 71 | H29: ='MEDIDAS ML'!H100 -> 8.491 | ... Q29: ='MEDIDAS ML'!Q100 -> 700 | R29: ='MEDIDAS ML'!#REF! -> #REF! | S29: ='MEDIDAS ML'!#REF! -> #REF! | T29: ='MEDIDAS ML'!#REF! -> #REF! | U29: ='MEDIDAS ML'!#REF! -> #REF! | V29: ='MEDIDAS ML'!#REF! -> #REF! | W29: ='MEDIDAS ML'!#REF! -> #REF! | X29: ='MEDIDAS ML'!#REF! -> #REF!
A30: ='MEDIDAS ML'!A4318 -> 123 | B30: ='MEDIDAS ML'!B4318 -> 123 | C30: ='MEDIDAS ML'!C4318 -> 123 | D30: ='MEDIDAS ML'!D4318 -> 2x8x18 cm - 20 grs | E30: ='MEDIDAS ML'!E4318 -> 2 | F30: ='MEDIDAS ML'!F4318 -> 8 | G30: ='MEDIDAS ML'!G4318 -> 18 | H30: ='MEDIDAS ML'!H4318 -> 0.02 | ... Q30: ='MEDIDAS ML'!Q4318 -> 700 | R30: ='MEDIDAS ML'!#REF! -> #REF! | S30: ='MEDIDAS ML'!#REF! -> #REF! | T30: ='MEDIDAS ML'!#REF! -> #REF! | U30: ='MEDIDAS ML'!#REF! -> #REF! | V30: ='MEDIDAS ML'!#REF! -> #REF! | W30: ='MEDIDAS ML'!#REF! -> #REF! | X30: ='MEDIDAS ML'!#REF! -> #REF!
A31: ='MEDIDAS ML'!A3068 -> 123 | B31: ='MEDIDAS ML'!B3068 -> 123 | C31: ='MEDIDAS ML'!C3068 -> 123 | D31: ='MEDIDAS ML'!D3068 -> 3x7x7 cm - 250 grs | E31: ='MEDIDAS ML'!E3068 -> 3 | F31: ='MEDIDAS ML'!F3068 -> 7 | G31: ='MEDIDAS ML'!G3068 -> 7 | H31: ='MEDIDAS ML'!H3068 -> 0.25 | ... Q31: ='MEDIDAS ML'!Q3068 -> 700 | R31: ='MEDIDAS ML'!#REF! -> #REF! | S31: ='MEDIDAS ML'!#REF! -> #REF! | T31: ='MEDIDAS ML'!#REF! -> #REF! | U31: ='MEDIDAS ML'!#REF! -> #REF! | V31: ='MEDIDAS ML'!#REF! -> #REF! | W31: ='MEDIDAS ML'!#REF! -> #REF! | X31: ='MEDIDAS ML'!#REF! -> #REF!
A32: ='MEDIDAS ML'!A4005 -> 123 | B32: ='MEDIDAS ML'!B4005 -> 123 | C32: ='MEDIDAS ML'!C4005 -> 123 | D32: ='MEDIDAS ML'!D4005 -> 3x6x6 cm - 86 grs | E32: ='MEDIDAS ML'!E4005 -> 3 | F32: ='MEDIDAS ML'!F4005 -> 6 | G32: ='MEDIDAS ML'!G4005 -> 6 | H32: ='MEDIDAS ML'!H4005 -> 0.086 | ... Q32: ='MEDIDAS ML'!Q4005 -> 700 | R32: ='MEDIDAS ML'!#REF! -> #REF! | S32: ='MEDIDAS ML'!#REF! -> #REF! | T32: ='MEDIDAS ML'!#REF! -> #REF! | U32: ='MEDIDAS ML'!#REF! -> #REF! | V32: ='MEDIDAS ML'!#REF! -> #REF! | W32: ='MEDIDAS ML'!#REF! -> #REF! | X32: ='MEDIDAS ML'!#REF! -> #REF!
A33: ='MEDIDAS ML'!A4006 -> 123 | B33: ='MEDIDAS ML'!B4006 -> 123 | C33: ='MEDIDAS ML'!C4006 -> 123 | D33: ='MEDIDAS ML'!D4006 -> 3x6x6 cm - 86 grs | E33: ='MEDIDAS ML'!E4006 -> 3 | F33: ='MEDIDAS ML'!F4006 -> 6 | G33: ='MEDIDAS ML'!G4006 -> 6 | H33: ='MEDIDAS ML'!H4006 -> 0.086 | ... Q33: ='MEDIDAS ML'!Q4006 -> 700 | R33: ='MEDIDAS ML'!#REF! -> #REF! | S33: ='MEDIDAS ML'!#REF! -> #REF! | T33: ='MEDIDAS ML'!#REF! -> #REF! | U33: ='MEDIDAS ML'!#REF! -> #REF! | V33: ='MEDIDAS ML'!#REF! -> #REF! | W33: ='MEDIDAS ML'!#REF! -> #REF! | X33: ='MEDIDAS ML'!#REF! -> #REF!
A34: ='MEDIDAS ML'!A1927 -> 123 | B34: ='MEDIDAS ML'!B1927 -> 123 | C34: ='MEDIDAS ML'!C1927 -> 123 | D34: ='MEDIDAS ML'!D1927 -> 10x17x23 cm - 553 grs | E34: ='MEDIDAS ML'!E1927 -> 10 | F34: ='MEDIDAS ML'!F1927 -> 17 | G34: ='MEDIDAS ML'!G1927 -> 23 | H34: ='MEDIDAS ML'!H1927 -> 0.553 | ... Q34: ='MEDIDAS ML'!Q1927 -> 700 | R34: ='MEDIDAS ML'!#REF! -> #REF! | S34: ='MEDIDAS ML'!#REF! -> #REF! | T34: ='MEDIDAS ML'!#REF! -> #REF! | U34: ='MEDIDAS ML'!#REF! -> #REF! | V34: ='MEDIDAS ML'!#REF! -> #REF! | W34: ='MEDIDAS ML'!#REF! -> #REF! | X34: ='MEDIDAS ML'!#REF! -> #REF!
A35: ='MEDIDAS ML'!A1928 -> 123 | B35: ='MEDIDAS ML'!B1928 -> 123 | C35: ='MEDIDAS ML'!C1928 -> 123 | D35: ='MEDIDAS ML'!D1928 -> 10x17x23 cm - 553 grs | E35: ='MEDIDAS ML'!E1928 -> 10 | F35: ='MEDIDAS ML'!F1928 -> 17 | G35: ='MEDIDAS ML'!G1928 -> 23 | H35: ='MEDIDAS ML'!H1928 -> 0.553 | ... Q35: ='MEDIDAS ML'!Q1928 -> 700 | R35: ='MEDIDAS ML'!#REF! -> #REF! | S35: ='MEDIDAS ML'!#REF! -> #REF! | T35: ='MEDIDAS ML'!#REF! -> #REF! | U35: ='MEDIDAS ML'!#REF! -> #REF! | V35: ='MEDIDAS ML'!#REF! -> #REF! | W35: ='MEDIDAS ML'!#REF! -> #REF! | X35: ='MEDIDAS ML'!#REF! -> #REF!
A36: ='MEDIDAS ML'!A2174 -> 123 | B36: ='MEDIDAS ML'!B2174 -> 123 | C36: ='MEDIDAS ML'!C2174 -> 123 | D36: ='MEDIDAS ML'!D2174 -> 10x17x23 cm - 464 grs | E36: ='MEDIDAS ML'!E2174 -> 10 | F36: ='MEDIDAS ML'!F2174 -> 17 | G36: ='MEDIDAS ML'!G2174 -> 23 | H36: ='MEDIDAS ML'!H2174 -> 0.464 | ... Q36: ='MEDIDAS ML'!Q2174 -> 700 | R36: ='MEDIDAS ML'!#REF! -> #REF! | S36: ='MEDIDAS ML'!#REF! -> #REF! | T36: ='MEDIDAS ML'!#REF! -> #REF! | U36: ='MEDIDAS ML'!#REF! -> #REF! | V36: ='MEDIDAS ML'!#REF! -> #REF! | W36: ='MEDIDAS ML'!#REF! -> #REF! | X36: ='MEDIDAS ML'!#REF! -> #REF!
A37: ='MEDIDAS ML'!A2175 -> 123 | B37: ='MEDIDAS ML'!B2175 -> 123 | C37: ='MEDIDAS ML'!C2175 -> 123 | D37: ='MEDIDAS ML'!D2175 -> 10x17x23 cm - 464 grs | E37: ='MEDIDAS ML'!E2175 -> 10 | F37: ='MEDIDAS ML'!F2175 -> 17 | G37: ='MEDIDAS ML'!G2175 -> 23 | H37: ='MEDIDAS ML'!H2175 -> 0.464 | ... Q37: ='MEDIDAS ML'!Q2175 -> 700 | R37: ='MEDIDAS ML'!#REF! -> #REF! | S37: ='MEDIDAS ML'!#REF! -> #REF! | T37: ='MEDIDAS ML'!#REF! -> #REF! | U37: ='MEDIDAS ML'!#REF! -> #REF! | V37: ='MEDIDAS ML'!#REF! -> #REF! | W37: ='MEDIDAS ML'!#REF! -> #REF! | X37: ='MEDIDAS ML'!#REF! -> #REF!
A38: ='MEDIDAS ML'!A4115 -> 123 | B38: ='MEDIDAS ML'!B4115 -> 123 | C38: ='MEDIDAS ML'!C4115 -> 123 | D38: ='MEDIDAS ML'!D4115 -> 4x7x8 cm - 70 grs | E38: ='MEDIDAS ML'!E4115 -> 4 | F38: ='MEDIDAS ML'!F4115 -> 7 | G38: ='MEDIDAS ML'!G4115 -> 8 | H38: ='MEDIDAS ML'!H4115 -> 0.07 | ... Q38: ='MEDIDAS ML'!Q4115 -> 700 | R38: ='MEDIDAS ML'!#REF! -> #REF! | S38: ='MEDIDAS ML'!#REF! -> #REF! | T38: ='MEDIDAS ML'!#REF! -> #REF! | U38: ='MEDIDAS ML'!#REF! -> #REF! | V38: ='MEDIDAS ML'!#REF! -> #REF! | W38: ='MEDIDAS ML'!#REF! -> #REF! | X38: ='MEDIDAS ML'!#REF! -> #REF!
A39: ='MEDIDAS ML'!A4116 -> 123 | B39: ='MEDIDAS ML'!B4116 -> 123 | C39: ='MEDIDAS ML'!C4116 -> 123 | D39: ='MEDIDAS ML'!D4116 -> 4x7x8 cm - 70 grs | E39: ='MEDIDAS ML'!E4116 -> 4 | F39: ='MEDIDAS ML'!F4116 -> 7 | G39: ='MEDIDAS ML'!G4116 -> 8 | H39: ='MEDIDAS ML'!H4116 -> 0.07 | ... Q39: ='MEDIDAS ML'!Q4116 -> 700 | R39: ='MEDIDAS ML'!#REF! -> #REF! | S39: ='MEDIDAS ML'!#REF! -> #REF! | T39: ='MEDIDAS ML'!#REF! -> #REF! | U39: ='MEDIDAS ML'!#REF! -> #REF! | V39: ='MEDIDAS ML'!#REF! -> #REF! | W39: ='MEDIDAS ML'!#REF! -> #REF! | X39: ='MEDIDAS ML'!#REF! -> #REF!
A40: ='MEDIDAS ML'!A4319 -> 123 | B40: ='MEDIDAS ML'!B4319 -> 123 | C40: ='MEDIDAS ML'!C4319 -> 123 | D40: ='MEDIDAS ML'!D4319 -> 4x9x14 cm - 20 grs | E40: ='MEDIDAS ML'!E4319 -> 4 | F40: ='MEDIDAS ML'!F4319 -> 9 | G40: ='MEDIDAS ML'!G4319 -> 14 | H40: ='MEDIDAS ML'!H4319 -> 0.02 | ... Q40: ='MEDIDAS ML'!Q4319 -> 700 | R40: ='MEDIDAS ML'!#REF! -> #REF! | S40: ='MEDIDAS ML'!#REF! -> #REF! | T40: ='MEDIDAS ML'!#REF! -> #REF! | U40: ='MEDIDAS ML'!#REF! -> #REF! | V40: ='MEDIDAS ML'!#REF! -> #REF! | W40: ='MEDIDAS ML'!#REF! -> #REF! | X40: ='MEDIDAS ML'!#REF! -> #REF!
A41: ='MEDIDAS ML'!A4320 -> 123 | B41: ='MEDIDAS ML'!B4320 -> 123 | C41: ='MEDIDAS ML'!C4320 -> 123 | D41: ='MEDIDAS ML'!D4320 -> 4x9x14 cm - 20 grs | E41: ='MEDIDAS ML'!E4320 -> 4 | F41: ='MEDIDAS ML'!F4320 -> 9 | G41: ='MEDIDAS ML'!G4320 -> 14 | H41: ='MEDIDAS ML'!H4320 -> 0.02 | ... Q41: ='MEDIDAS ML'!Q4320 -> 700 | R41: ='MEDIDAS ML'!#REF! -> #REF! | S41: ='MEDIDAS ML'!#REF! -> #REF! | T41: ='MEDIDAS ML'!#REF! -> #REF! | U41: ='MEDIDAS ML'!#REF! -> #REF! | V41: ='MEDIDAS ML'!#REF! -> #REF! | W41: ='MEDIDAS ML'!#REF! -> #REF! | X41: ='MEDIDAS ML'!#REF! -> #REF!
A42: ='MEDIDAS ML'!A2854 -> 123 | B42: ='MEDIDAS ML'!B2854 -> 123 | C42: ='MEDIDAS ML'!C2854 -> 123 | D42: ='MEDIDAS ML'!D2854 -> 13x15x22 cm - 294 grs | E42: ='MEDIDAS ML'!E2854 -> 13 | F42: ='MEDIDAS ML'!F2854 -> 15 | G42: ='MEDIDAS ML'!G2854 -> 22 | H42: ='MEDIDAS ML'!H2854 -> 0.294 | ... Q42: ='MEDIDAS ML'!Q2854 -> 700 | R42: ='MEDIDAS ML'!#REF! -> #REF! | S42: ='MEDIDAS ML'!#REF! -> #REF! | T42: ='MEDIDAS ML'!#REF! -> #REF! | U42: ='MEDIDAS ML'!#REF! -> #REF! | V42: ='MEDIDAS ML'!#REF! -> #REF! | W42: ='MEDIDAS ML'!#REF! -> #REF! | X42: ='MEDIDAS ML'!#REF! -> #REF!
A43: ='MEDIDAS ML'!A3204 -> 123 | B43: ='MEDIDAS ML'!B3204 -> 123 | C43: ='MEDIDAS ML'!C3204 -> 123 | D43: ='MEDIDAS ML'!D3204 -> 5x20x21 cm - 220 grs | E43: ='MEDIDAS ML'!E3204 -> 5 | F43: ='MEDIDAS ML'!F3204 -> 20 | G43: ='MEDIDAS ML'!G3204 -> 21 | H43: ='MEDIDAS ML'!H3204 -> 0.22 | ... Q43: ='MEDIDAS ML'!Q3204 -> 700 | R43: ='MEDIDAS ML'!#REF! -> #REF! | S43: ='MEDIDAS ML'!#REF! -> #REF! | T43: ='MEDIDAS ML'!#REF! -> #REF! | U43: ='MEDIDAS ML'!#REF! -> #REF! | V43: ='MEDIDAS ML'!#REF! -> #REF! | W43: ='MEDIDAS ML'!#REF! -> #REF! | X43: ='MEDIDAS ML'!#REF! -> #REF!
A44: ='MEDIDAS ML'!A3091 -> 123 | B44: ='MEDIDAS ML'!B3091 -> 123 | C44: ='MEDIDAS ML'!C3091 -> 123 | D44: ='MEDIDAS ML'!D3091 -> 9x16x17 cm - 245 grs | E44: ='MEDIDAS ML'!E3091 -> 9 | F44: ='MEDIDAS ML'!F3091 -> 16 | G44: ='MEDIDAS ML'!G3091 -> 17 | H44: ='MEDIDAS ML'!H3091 -> 0.245 | ... Q44: ='MEDIDAS ML'!Q3091 -> 700 | R44: ='MEDIDAS ML'!#REF! -> #REF! | S44: ='MEDIDAS ML'!#REF! -> #REF! | T44: ='MEDIDAS ML'!#REF! -> #REF! | U44: ='MEDIDAS ML'!#REF! -> #REF! | V44: ='MEDIDAS ML'!#REF! -> #REF! | W44: ='MEDIDAS ML'!#REF! -> #REF! | X44: ='MEDIDAS ML'!#REF! -> #REF!
A45: ='MEDIDAS ML'!A2329 -> 123 | B45: ='MEDIDAS ML'!B2329 -> 123 | C45: ='MEDIDAS ML'!C2329 -> 123 | D45: ='MEDIDAS ML'!D2329 -> 9x14x20 cm - 405 grs | E45: ='MEDIDAS ML'!E2329 -> 9 | F45: ='MEDIDAS ML'!F2329 -> 14 | G45: ='MEDIDAS ML'!G2329 -> 20 | H45: ='MEDIDAS ML'!H2329 -> 0.405 | ... Q45: ='MEDIDAS ML'!Q2329 -> 700 | R45: ='MEDIDAS ML'!#REF! -> #REF! | S45: ='MEDIDAS ML'!#REF! -> #REF! | T45: ='MEDIDAS ML'!#REF! -> #REF! | U45: ='MEDIDAS ML'!#REF! -> #REF! | V45: ='MEDIDAS ML'!#REF! -> #REF! | W45: ='MEDIDAS ML'!#REF! -> #REF! | X45: ='MEDIDAS ML'!#REF! -> #REF!
A46: ='MEDIDAS ML'!A2330 -> 123 | B46: ='MEDIDAS ML'!B2330 -> 123 | C46: ='MEDIDAS ML'!C2330 -> 123 | D46: ='MEDIDAS ML'!D2330 -> 9x14x20 cm - 405 grs | E46: ='MEDIDAS ML'!E2330 -> 9 | F46: ='MEDIDAS ML'!F2330 -> 14 | G46: ='MEDIDAS ML'!G2330 -> 20 | H46: ='MEDIDAS ML'!H2330 -> 0.405 | ... Q46: ='MEDIDAS ML'!Q2330 -> 700 | R46: ='MEDIDAS ML'!#REF! -> #REF! | S46: ='MEDIDAS ML'!#REF! -> #REF! | T46: ='MEDIDAS ML'!#REF! -> #REF! | U46: ='MEDIDAS ML'!#REF! -> #REF! | V46: ='MEDIDAS ML'!#REF! -> #REF! | W46: ='MEDIDAS ML'!#REF! -> #REF! | X46: ='MEDIDAS ML'!#REF! -> #REF!
A47: ='MEDIDAS ML'!A2543 -> 123 | B47: ='MEDIDAS ML'!B2543 -> 123 | C47: ='MEDIDAS ML'!C2543 -> 123 | D47: ='MEDIDAS ML'!D2543 -> 6x16x26 cm - 344 grs | E47: ='MEDIDAS ML'!E2543 -> 6 | F47: ='MEDIDAS ML'!F2543 -> 16 | G47: ='MEDIDAS ML'!G2543 -> 26 | H47: ='MEDIDAS ML'!H2543 -> 0.344 | ... Q47: ='MEDIDAS ML'!Q2543 -> 700 | R47: ='MEDIDAS ML'!#REF! -> #REF! | S47: ='MEDIDAS ML'!#REF! -> #REF! | T47: ='MEDIDAS ML'!#REF! -> #REF! | U47: ='MEDIDAS ML'!#REF! -> #REF! | V47: ='MEDIDAS ML'!#REF! -> #REF! | W47: ='MEDIDAS ML'!#REF! -> #REF! | X47: ='MEDIDAS ML'!#REF! -> #REF!
A48: ='MEDIDAS ML'!A2629 -> 123 | B48: ='MEDIDAS ML'!B2629 -> 123 | C48: ='MEDIDAS ML'!C2629 -> 123 | D48: ='MEDIDAS ML'!D2629 -> 7x18x25 cm - 321 grs | E48: ='MEDIDAS ML'!E2629 -> 7 | F48: ='MEDIDAS ML'!F2629 -> 18 | G48: ='MEDIDAS ML'!G2629 -> 25 | H48: ='MEDIDAS ML'!H2629 -> 0.321 | ... Q48: ='MEDIDAS ML'!Q2629 -> 700 | R48: ='MEDIDAS ML'!#REF! -> #REF! | S48: ='MEDIDAS ML'!#REF! -> #REF! | T48: ='MEDIDAS ML'!#REF! -> #REF! | U48: ='MEDIDAS ML'!#REF! -> #REF! | V48: ='MEDIDAS ML'!#REF! -> #REF! | W48: ='MEDIDAS ML'!#REF! -> #REF! | X48: ='MEDIDAS ML'!#REF! -> #REF!
A49: ='MEDIDAS ML'!A3736 -> 123 | B49: ='MEDIDAS ML'!B3736 -> 123 | C49: ='MEDIDAS ML'!C3736 -> 123 | D49: ='MEDIDAS ML'!D3736 -> 4x8x10 cm - 132 grs | E49: ='MEDIDAS ML'!E3736 -> 4 | F49: ='MEDIDAS ML'!F3736 -> 8 | G49: ='MEDIDAS ML'!G3736 -> 10 | H49: ='MEDIDAS ML'!H3736 -> 0.132 | ... Q49: ='MEDIDAS ML'!Q3736 -> 700 | R49: ='MEDIDAS ML'!#REF! -> #REF! | S49: ='MEDIDAS ML'!#REF! -> #REF! | T49: ='MEDIDAS ML'!#REF! -> #REF! | U49: ='MEDIDAS ML'!#REF! -> #REF! | V49: ='MEDIDAS ML'!#REF! -> #REF! | W49: ='MEDIDAS ML'!#REF! -> #REF! | X49: ='MEDIDAS ML'!#REF! -> #REF!
A50: ='MEDIDAS ML'!A4310 -> 123 | B50: ='MEDIDAS ML'!B4310 -> 123 | C50: ='MEDIDAS ML'!C4310 -> 123 | D50: ='MEDIDAS ML'!D4310 -> 5x15x23 cm - 20 grs | E50: ='MEDIDAS ML'!E4310 -> 5 | F50: ='MEDIDAS ML'!F4310 -> 15 | G50: ='MEDIDAS ML'!G4310 -> 23 | H50: ='MEDIDAS ML'!H4310 -> 0.02 | ... Q50: ='MEDIDAS ML'!Q4310 -> 700 | R50: ='MEDIDAS ML'!#REF! -> #REF! | S50: ='MEDIDAS ML'!#REF! -> #REF! | T50: ='MEDIDAS ML'!#REF! -> #REF! | U50: ='MEDIDAS ML'!#REF! -> #REF! | V50: ='MEDIDAS ML'!#REF! -> #REF! | W50: ='MEDIDAS ML'!#REF! -> #REF! | X50: ='MEDIDAS ML'!#REF! -> #REF!
A51: ='MEDIDAS ML'!A4311 -> 123 | B51: ='MEDIDAS ML'!B4311 -> 123 | C51: ='MEDIDAS ML'!C4311 -> 123 | D51: ='MEDIDAS ML'!D4311 -> 5x15x23 cm - 20 grs | E51: ='MEDIDAS ML'!E4311 -> 5 | F51: ='MEDIDAS ML'!F4311 -> 15 | G51: ='MEDIDAS ML'!G4311 -> 23 | H51: ='MEDIDAS ML'!H4311 -> 0.02 | ... Q51: ='MEDIDAS ML'!Q4311 -> 700 | R51: ='MEDIDAS ML'!#REF! -> #REF! | S51: ='MEDIDAS ML'!#REF! -> #REF! | T51: ='MEDIDAS ML'!#REF! -> #REF! | U51: ='MEDIDAS ML'!#REF! -> #REF! | V51: ='MEDIDAS ML'!#REF! -> #REF! | W51: ='MEDIDAS ML'!#REF! -> #REF! | X51: ='MEDIDAS ML'!#REF! -> #REF!
A52: ='MEDIDAS ML'!A4321 -> 123 | B52: ='MEDIDAS ML'!B4321 -> 123 | C52: ='MEDIDAS ML'!C4321 -> 123 | D52: ='MEDIDAS ML'!D4321 -> 1x9x16 cm - 20 grs | E52: ='MEDIDAS ML'!E4321 -> 1 | F52: ='MEDIDAS ML'!F4321 -> 9 | G52: ='MEDIDAS ML'!G4321 -> 16 | H52: ='MEDIDAS ML'!H4321 -> 0.02 | ... Q52: ='MEDIDAS ML'!Q4321 -> 700 | R52: ='MEDIDAS ML'!#REF! -> #REF! | S52: ='MEDIDAS ML'!#REF! -> #REF! | T52: ='MEDIDAS ML'!#REF! -> #REF! | U52: ='MEDIDAS ML'!#REF! -> #REF! | V52: ='MEDIDAS ML'!#REF! -> #REF! | W52: ='MEDIDAS ML'!#REF! -> #REF! | X52: ='MEDIDAS ML'!#REF! -> #REF!
A53: ='MEDIDAS ML'!A4322 -> 123 | B53: ='MEDIDAS ML'!B4322 -> 123 | C53: ='MEDIDAS ML'!C4322 -> 123 | D53: ='MEDIDAS ML'!D4322 -> 1x9x16 cm - 20 grs | E53: ='MEDIDAS ML'!E4322 -> 1 | F53: ='MEDIDAS ML'!F4322 -> 9 | G53: ='MEDIDAS ML'!G4322 -> 16 | H53: ='MEDIDAS ML'!H4322 -> 0.02 | ... Q53: ='MEDIDAS ML'!Q4322 -> 700 | R53: ='MEDIDAS ML'!#REF! -> #REF! | S53: ='MEDIDAS ML'!#REF! -> #REF! | T53: ='MEDIDAS ML'!#REF! -> #REF! | U53: ='MEDIDAS ML'!#REF! -> #REF! | V53: ='MEDIDAS ML'!#REF! -> #REF! | W53: ='MEDIDAS ML'!#REF! -> #REF! | X53: ='MEDIDAS ML'!#REF! -> #REF!
A54: ='MEDIDAS ML'!A2549 -> 123 | B54: ='MEDIDAS ML'!B2549 -> 123 | C54: ='MEDIDAS ML'!C2549 -> 123 | D54: ='MEDIDAS ML'!D2549 -> 6x14x18 cm - 343 grs | E54: ='MEDIDAS ML'!E2549 -> 6 | F54: ='MEDIDAS ML'!F2549 -> 14 | G54: ='MEDIDAS ML'!G2549 -> 18 | H54: ='MEDIDAS ML'!H2549 -> 0.343 | ... Q54: ='MEDIDAS ML'!Q2549 -> 700 | R54: ='MEDIDAS ML'!#REF! -> #REF! | S54: ='MEDIDAS ML'!#REF! -> #REF! | T54: ='MEDIDAS ML'!#REF! -> #REF! | U54: ='MEDIDAS ML'!#REF! -> #REF! | V54: ='MEDIDAS ML'!#REF! -> #REF! | W54: ='MEDIDAS ML'!#REF! -> #REF! | X54: ='MEDIDAS ML'!#REF! -> #REF!
A55: ='MEDIDAS ML'!A4323 -> 123 | B55: ='MEDIDAS ML'!B4323 -> 123 | C55: ='MEDIDAS ML'!C4323 -> 123 | D55: ='MEDIDAS ML'!D4323 -> 6x7x20 cm - 20 grs | E55: ='MEDIDAS ML'!E4323 -> 6 | F55: ='MEDIDAS ML'!F4323 -> 7 | G55: ='MEDIDAS ML'!G4323 -> 20 | H55: ='MEDIDAS ML'!H4323 -> 0.02 | ... Q55: ='MEDIDAS ML'!Q4323 -> 700 | R55: ='MEDIDAS ML'!#REF! -> #REF! | S55: ='MEDIDAS ML'!#REF! -> #REF! | T55: ='MEDIDAS ML'!#REF! -> #REF! | U55: ='MEDIDAS ML'!#REF! -> #REF! | V55: ='MEDIDAS ML'!#REF! -> #REF! | W55: ='MEDIDAS ML'!#REF! -> #REF! | X55: ='MEDIDAS ML'!#REF! -> #REF!
A56: ='MEDIDAS ML'!A4324 -> 123 | B56: ='MEDIDAS ML'!B4324 -> 123 | C56: ='MEDIDAS ML'!C4324 -> 123 | D56: ='MEDIDAS ML'!D4324 -> 6x7x20 cm - 20 grs | E56: ='MEDIDAS ML'!E4324 -> 6 | F56: ='MEDIDAS ML'!F4324 -> 7 | G56: ='MEDIDAS ML'!G4324 -> 20 | H56: ='MEDIDAS ML'!H4324 -> 0.02 | ... Q56: ='MEDIDAS ML'!Q4324 -> 700 | R56: ='MEDIDAS ML'!#REF! -> #REF! | S56: ='MEDIDAS ML'!#REF! -> #REF! | T56: ='MEDIDAS ML'!#REF! -> #REF! | U56: ='MEDIDAS ML'!#REF! -> #REF! | V56: ='MEDIDAS ML'!#REF! -> #REF! | W56: ='MEDIDAS ML'!#REF! -> #REF! | X56: ='MEDIDAS ML'!#REF! -> #REF!
A57: ='MEDIDAS ML'!A927 -> 123 | B57: ='MEDIDAS ML'!B927 -> 123 | C57: ='MEDIDAS ML'!C927 -> 123 | D57: ='MEDIDAS ML'!D927 -> 10x13x52 cm - 1577 grs | E57: ='MEDIDAS ML'!E927 -> 10 | F57: ='MEDIDAS ML'!F927 -> 13 | G57: ='MEDIDAS ML'!G927 -> 52 | H57: ='MEDIDAS ML'!H927 -> 1.577 | ... Q57: ='MEDIDAS ML'!Q927 -> 700 | R57: ='MEDIDAS ML'!#REF! -> #REF! | S57: ='MEDIDAS ML'!#REF! -> #REF! | T57: ='MEDIDAS ML'!#REF! -> #REF! | U57: ='MEDIDAS ML'!#REF! -> #REF! | V57: ='MEDIDAS ML'!#REF! -> #REF! | W57: ='MEDIDAS ML'!#REF! -> #REF! | X57: ='MEDIDAS ML'!#REF! -> #REF!
A58: ='MEDIDAS ML'!A797 -> 123 | B58: ='MEDIDAS ML'!B797 -> 123 | C58: ='MEDIDAS ML'!C797 -> 123 | D58: ='MEDIDAS ML'!D797 -> 10x16x44 cm - 1979 grs | E58: ='MEDIDAS ML'!E797 -> 10 | F58: ='MEDIDAS ML'!F797 -> 16 | G58: ='MEDIDAS ML'!G797 -> 44 | H58: ='MEDIDAS ML'!H797 -> 1.979 | ... Q58: ='MEDIDAS ML'!Q797 -> 700 | R58: ='MEDIDAS ML'!#REF! -> #REF! | S58: ='MEDIDAS ML'!#REF! -> #REF! | T58: ='MEDIDAS ML'!#REF! -> #REF! | U58: ='MEDIDAS ML'!#REF! -> #REF! | V58: ='MEDIDAS ML'!#REF! -> #REF! | W58: ='MEDIDAS ML'!#REF! -> #REF! | X58: ='MEDIDAS ML'!#REF! -> #REF!
A59: ='MEDIDAS ML'!A4312 -> 123 | B59: ='MEDIDAS ML'!B4312 -> 123 | C59: ='MEDIDAS ML'!C4312 -> 123 | D59: ='MEDIDAS ML'!D4312 -> 6x10x22 cm - 20 grs | E59: ='MEDIDAS ML'!E4312 -> 6 | F59: ='MEDIDAS ML'!F4312 -> 10 | G59: ='MEDIDAS ML'!G4312 -> 22 | H59: ='MEDIDAS ML'!H4312 -> 0.02 | ... Q59: ='MEDIDAS ML'!Q4312 -> 700 | R59: ='MEDIDAS ML'!#REF! -> #REF! | S59: ='MEDIDAS ML'!#REF! -> #REF! | T59: ='MEDIDAS ML'!#REF! -> #REF! | U59: ='MEDIDAS ML'!#REF! -> #REF! | V59: ='MEDIDAS ML'!#REF! -> #REF! | W59: ='MEDIDAS ML'!#REF! -> #REF! | X59: ='MEDIDAS ML'!#REF! -> #REF!
A60: ='MEDIDAS ML'!A4313 -> 123 | B60: ='MEDIDAS ML'!B4313 -> 123 | C60: ='MEDIDAS ML'!C4313 -> 123 | D60: ='MEDIDAS ML'!D4313 -> 6x10x22 cm - 20 grs | E60: ='MEDIDAS ML'!E4313 -> 6 | F60: ='MEDIDAS ML'!F4313 -> 10 | G60: ='MEDIDAS ML'!G4313 -> 22 | H60: ='MEDIDAS ML'!H4313 -> 0.02 | ... Q60: ='MEDIDAS ML'!Q4313 -> 700 | R60: ='MEDIDAS ML'!#REF! -> #REF! | S60: ='MEDIDAS ML'!#REF! -> #REF! | T60: ='MEDIDAS ML'!#REF! -> #REF! | U60: ='MEDIDAS ML'!#REF! -> #REF! | V60: ='MEDIDAS ML'!#REF! -> #REF! | W60: ='MEDIDAS ML'!#REF! -> #REF! | X60: ='MEDIDAS ML'!#REF! -> #REF!
A61: ='MEDIDAS ML'!A3737 -> 123 | B61: ='MEDIDAS ML'!B3737 -> 123 | C61: ='MEDIDAS ML'!C3737 -> 123 | D61: ='MEDIDAS ML'!D3737 -> 6x12x16 cm - 132 grs | E61: ='MEDIDAS ML'!E3737 -> 6 | F61: ='MEDIDAS ML'!F3737 -> 12 | G61: ='MEDIDAS ML'!G3737 -> 16 | H61: ='MEDIDAS ML'!H3737 -> 0.132 | ... Q61: ='MEDIDAS ML'!Q3737 -> 700 | R61: ='MEDIDAS ML'!#REF! -> #REF! | S61: ='MEDIDAS ML'!#REF! -> #REF! | T61: ='MEDIDAS ML'!#REF! -> #REF! | U61: ='MEDIDAS ML'!#REF! -> #REF! | V61: ='MEDIDAS ML'!#REF! -> #REF! | W61: ='MEDIDAS ML'!#REF! -> #REF! | X61: ='MEDIDAS ML'!#REF! -> #REF!
A62: ='MEDIDAS ML'!A3738 -> 123 | B62: ='MEDIDAS ML'!B3738 -> 123 | C62: ='MEDIDAS ML'!C3738 -> 123 | D62: ='MEDIDAS ML'!D3738 -> 6x12x16 cm - 132 grs | E62: ='MEDIDAS ML'!E3738 -> 6 | F62: ='MEDIDAS ML'!F3738 -> 12 | G62: ='MEDIDAS ML'!G3738 -> 16 | H62: ='MEDIDAS ML'!H3738 -> 0.132 | ... Q62: ='MEDIDAS ML'!Q3738 -> 700 | R62: ='MEDIDAS ML'!#REF! -> #REF! | S62: ='MEDIDAS ML'!#REF! -> #REF! | T62: ='MEDIDAS ML'!#REF! -> #REF! | U62: ='MEDIDAS ML'!#REF! -> #REF! | V62: ='MEDIDAS ML'!#REF! -> #REF! | W62: ='MEDIDAS ML'!#REF! -> #REF! | X62: ='MEDIDAS ML'!#REF! -> #REF!
A63: ='MEDIDAS ML'!A4325 -> 123 | B63: ='MEDIDAS ML'!B4325 -> 123 | C63: ='MEDIDAS ML'!C4325 -> 123 | D63: ='MEDIDAS ML'!D4325 -> 4x9x13 cm - 20 grs | E63: ='MEDIDAS ML'!E4325 -> 4 | F63: ='MEDIDAS ML'!F4325 -> 9 | G63: ='MEDIDAS ML'!G4325 -> 13 | H63: ='MEDIDAS ML'!H4325 -> 0.02 | ... Q63: ='MEDIDAS ML'!Q4325 -> 700 | R63: ='MEDIDAS ML'!#REF! -> #REF! | S63: ='MEDIDAS ML'!#REF! -> #REF! | T63: ='MEDIDAS ML'!#REF! -> #REF! | U63: ='MEDIDAS ML'!#REF! -> #REF! | V63: ='MEDIDAS ML'!#REF! -> #REF! | W63: ='MEDIDAS ML'!#REF! -> #REF! | X63: ='MEDIDAS ML'!#REF! -> #REF!
A64: ='MEDIDAS ML'!A4326 -> 123 | B64: ='MEDIDAS ML'!B4326 -> 123 | C64: ='MEDIDAS ML'!C4326 -> 123 | D64: ='MEDIDAS ML'!D4326 -> 4x9x13 cm - 20 grs | E64: ='MEDIDAS ML'!E4326 -> 4 | F64: ='MEDIDAS ML'!F4326 -> 9 | G64: ='MEDIDAS ML'!G4326 -> 13 | H64: ='MEDIDAS ML'!H4326 -> 0.02 | ... Q64: ='MEDIDAS ML'!Q4326 -> 700 | R64: ='MEDIDAS ML'!#REF! -> #REF! | S64: ='MEDIDAS ML'!#REF! -> #REF! | T64: ='MEDIDAS ML'!#REF! -> #REF! | U64: ='MEDIDAS ML'!#REF! -> #REF! | V64: ='MEDIDAS ML'!#REF! -> #REF! | W64: ='MEDIDAS ML'!#REF! -> #REF! | X64: ='MEDIDAS ML'!#REF! -> #REF!
A65: ='MEDIDAS ML'!A1985 -> 123 | B65: ='MEDIDAS ML'!B1985 -> 123 | C65: ='MEDIDAS ML'!C1985 -> 123 | D65: ='MEDIDAS ML'!D1985 -> 19x24x33 cm - 539 grs | E65: ='MEDIDAS ML'!E1985 -> 19 | F65: ='MEDIDAS ML'!F1985 -> 24 | G65: ='MEDIDAS ML'!G1985 -> 33 | H65: ='MEDIDAS ML'!H1985 -> 0.539 | ... Q65: ='MEDIDAS ML'!Q1985 -> 700 | R65: ='MEDIDAS ML'!#REF! -> #REF! | S65: ='MEDIDAS ML'!#REF! -> #REF! | T65: ='MEDIDAS ML'!#REF! -> #REF! | U65: ='MEDIDAS ML'!#REF! -> #REF! | V65: ='MEDIDAS ML'!#REF! -> #REF! | W65: ='MEDIDAS ML'!#REF! -> #REF! | X65: ='MEDIDAS ML'!#REF! -> #REF!
A66: ='MEDIDAS ML'!A2278 -> 123 | B66: ='MEDIDAS ML'!B2278 -> 123 | C66: ='MEDIDAS ML'!C2278 -> 123 | D66: ='MEDIDAS ML'!D2278 -> 18x24x31 cm - 424 grs | E66: ='MEDIDAS ML'!E2278 -> 18 | F66: ='MEDIDAS ML'!F2278 -> 24 | G66: ='MEDIDAS ML'!G2278 -> 31 | H66: ='MEDIDAS ML'!H2278 -> 0.424 | ... Q66: ='MEDIDAS ML'!Q2278 -> 700 | R66: ='MEDIDAS ML'!#REF! -> #REF! | S66: ='MEDIDAS ML'!#REF! -> #REF! | T66: ='MEDIDAS ML'!#REF! -> #REF! | U66: ='MEDIDAS ML'!#REF! -> #REF! | V66: ='MEDIDAS ML'!#REF! -> #REF! | W66: ='MEDIDAS ML'!#REF! -> #REF! | X66: ='MEDIDAS ML'!#REF! -> #REF!
A67: ='MEDIDAS ML'!A2279 -> 123 | B67: ='MEDIDAS ML'!B2279 -> 123 | C67: ='MEDIDAS ML'!C2279 -> 123 | D67: ='MEDIDAS ML'!D2279 -> 18x24x31 cm - 424 grs | E67: ='MEDIDAS ML'!E2279 -> 18 | F67: ='MEDIDAS ML'!F2279 -> 24 | G67: ='MEDIDAS ML'!G2279 -> 31 | H67: ='MEDIDAS ML'!H2279 -> 0.424 | ... Q67: ='MEDIDAS ML'!Q2279 -> 700 | R67: ='MEDIDAS ML'!#REF! -> #REF! | S67: ='MEDIDAS ML'!#REF! -> #REF! | T67: ='MEDIDAS ML'!#REF! -> #REF! | U67: ='MEDIDAS ML'!#REF! -> #REF! | V67: ='MEDIDAS ML'!#REF! -> #REF! | W67: ='MEDIDAS ML'!#REF! -> #REF! | X67: ='MEDIDAS ML'!#REF! -> #REF!
A68: ='MEDIDAS ML'!A2387 -> 123 | B68: ='MEDIDAS ML'!B2387 -> 123 | C68: ='MEDIDAS ML'!C2387 -> 123 | D68: ='MEDIDAS ML'!D2387 -> 17x24x31 cm - 390 grs | E68: ='MEDIDAS ML'!E2387 -> 17 | F68: ='MEDIDAS ML'!F2387 -> 24 | G68: ='MEDIDAS ML'!G2387 -> 31 | H68: ='MEDIDAS ML'!H2387 -> 0.39 | ... Q68: ='MEDIDAS ML'!Q2387 -> 700 | R68: ='MEDIDAS ML'!#REF! -> #REF! | S68: ='MEDIDAS ML'!#REF! -> #REF! | T68: ='MEDIDAS ML'!#REF! -> #REF! | U68: ='MEDIDAS ML'!#REF! -> #REF! | V68: ='MEDIDAS ML'!#REF! -> #REF! | W68: ='MEDIDAS ML'!#REF! -> #REF! | X68: ='MEDIDAS ML'!#REF! -> #REF!
A69: ='MEDIDAS ML'!A3899 -> 123 | B69: ='MEDIDAS ML'!B3899 -> 123 | C69: ='MEDIDAS ML'!C3899 -> 123 | D69: ='MEDIDAS ML'!D3899 -> 4x11x19 cm - 100 grs | E69: ='MEDIDAS ML'!E3899 -> 4 | F69: ='MEDIDAS ML'!F3899 -> 11 | G69: ='MEDIDAS ML'!G3899 -> 19 | H69: ='MEDIDAS ML'!H3899 -> 0.1 | ... Q69: ='MEDIDAS ML'!Q3899 -> 700 | R69: ='MEDIDAS ML'!#REF! -> #REF! | S69: ='MEDIDAS ML'!#REF! -> #REF! | T69: ='MEDIDAS ML'!#REF! -> #REF! | U69: ='MEDIDAS ML'!#REF! -> #REF! | V69: ='MEDIDAS ML'!#REF! -> #REF! | W69: ='MEDIDAS ML'!#REF! -> #REF! | X69: ='MEDIDAS ML'!#REF! -> #REF!
A70: ='MEDIDAS ML'!A3900 -> 123 | B70: ='MEDIDAS ML'!B3900 -> 123 | C70: ='MEDIDAS ML'!C3900 -> 123 | D70: ='MEDIDAS ML'!D3900 -> 4x11x19 cm - 100 grs | E70: ='MEDIDAS ML'!E3900 -> 4 | F70: ='MEDIDAS ML'!F3900 -> 11 | G70: ='MEDIDAS ML'!G3900 -> 19 | H70: ='MEDIDAS ML'!H3900 -> 0.1 | ... Q70: ='MEDIDAS ML'!Q3900 -> 700 | R70: ='MEDIDAS ML'!#REF! -> #REF! | S70: ='MEDIDAS ML'!#REF! -> #REF! | T70: ='MEDIDAS ML'!#REF! -> #REF! | U70: ='MEDIDAS ML'!#REF! -> #REF! | V70: ='MEDIDAS ML'!#REF! -> #REF! | W70: ='MEDIDAS ML'!#REF! -> #REF! | X70: ='MEDIDAS ML'!#REF! -> #REF!
A71: ='MEDIDAS ML'!A4327 -> 123 | B71: ='MEDIDAS ML'!B4327 -> 123 | C71: ='MEDIDAS ML'!C4327 -> 123 | D71: ='MEDIDAS ML'!D4327 -> 1x5x11 cm - 20 grs | E71: ='MEDIDAS ML'!E4327 -> 1 | F71: ='MEDIDAS ML'!F4327 -> 5 | G71: ='MEDIDAS ML'!G4327 -> 11 | H71: ='MEDIDAS ML'!H4327 -> 0.02 | ... Q71: ='MEDIDAS ML'!Q4327 -> 700 | R71: ='MEDIDAS ML'!#REF! -> #REF! | S71: ='MEDIDAS ML'!#REF! -> #REF! | T71: ='MEDIDAS ML'!#REF! -> #REF! | U71: ='MEDIDAS ML'!#REF! -> #REF! | V71: ='MEDIDAS ML'!#REF! -> #REF! | W71: ='MEDIDAS ML'!#REF! -> #REF! | X71: ='MEDIDAS ML'!#REF! -> #REF!
A72: ='MEDIDAS ML'!A4328 -> 123 | B72: ='MEDIDAS ML'!B4328 -> 123 | C72: ='MEDIDAS ML'!C4328 -> 123 | D72: ='MEDIDAS ML'!D4328 -> 1x5x11 cm - 20 grs | E72: ='MEDIDAS ML'!E4328 -> 1 | F72: ='MEDIDAS ML'!F4328 -> 5 | G72: ='MEDIDAS ML'!G4328 -> 11 | H72: ='MEDIDAS ML'!H4328 -> 0.02 | ... Q72: ='MEDIDAS ML'!Q4328 -> 700 | R72: ='MEDIDAS ML'!#REF! -> #REF! | S72: ='MEDIDAS ML'!#REF! -> #REF! | T72: ='MEDIDAS ML'!#REF! -> #REF! | U72: ='MEDIDAS ML'!#REF! -> #REF! | V72: ='MEDIDAS ML'!#REF! -> #REF! | W72: ='MEDIDAS ML'!#REF! -> #REF! | X72: ='MEDIDAS ML'!#REF! -> #REF!
A73: ='MEDIDAS ML'!A4237 -> 123 | B73: ='MEDIDAS ML'!B4237 -> 123 | C73: ='MEDIDAS ML'!C4237 -> 123 | D73: ='MEDIDAS ML'!D4237 -> 4x12x15 cm - 40 grs | E73: ='MEDIDAS ML'!E4237 -> 4 | F73: ='MEDIDAS ML'!F4237 -> 12 | G73: ='MEDIDAS ML'!G4237 -> 15 | H73: ='MEDIDAS ML'!H4237 -> 0.04 | ... Q73: ='MEDIDAS ML'!Q4237 -> 700 | R73: ='MEDIDAS ML'!#REF! -> #REF! | S73: ='MEDIDAS ML'!#REF! -> #REF! | T73: ='MEDIDAS ML'!#REF! -> #REF! | U73: ='MEDIDAS ML'!#REF! -> #REF! | V73: ='MEDIDAS ML'!#REF! -> #REF! | W73: ='MEDIDAS ML'!#REF! -> #REF! | X73: ='MEDIDAS ML'!#REF! -> #REF!
A74: ='MEDIDAS ML'!A4238 -> 123 | B74: ='MEDIDAS ML'!B4238 -> 123 | C74: ='MEDIDAS ML'!C4238 -> 123 | D74: ='MEDIDAS ML'!D4238 -> 4x12x15 cm - 40 grs | E74: ='MEDIDAS ML'!E4238 -> 4 | F74: ='MEDIDAS ML'!F4238 -> 12 | G74: ='MEDIDAS ML'!G4238 -> 15 | H74: ='MEDIDAS ML'!H4238 -> 0.04 | ... Q74: ='MEDIDAS ML'!Q4238 -> 700 | R74: ='MEDIDAS ML'!#REF! -> #REF! | S74: ='MEDIDAS ML'!#REF! -> #REF! | T74: ='MEDIDAS ML'!#REF! -> #REF! | U74: ='MEDIDAS ML'!#REF! -> #REF! | V74: ='MEDIDAS ML'!#REF! -> #REF! | W74: ='MEDIDAS ML'!#REF! -> #REF! | X74: ='MEDIDAS ML'!#REF! -> #REF!
A75: ='MEDIDAS ML'!A4239 -> 123 | B75: ='MEDIDAS ML'!B4239 -> 123 | C75: ='MEDIDAS ML'!C4239 -> 123 | D75: ='MEDIDAS ML'!D4239 -> 2x6x18 cm - 40 grs | E75: ='MEDIDAS ML'!E4239 -> 2 | F75: ='MEDIDAS ML'!F4239 -> 6 | G75: ='MEDIDAS ML'!G4239 -> 18 | H75: ='MEDIDAS ML'!H4239 -> 0.04 | ... Q75: ='MEDIDAS ML'!Q4239 -> 700 | R75: ='MEDIDAS ML'!#REF! -> #REF! | S75: ='MEDIDAS ML'!#REF! -> #REF! | T75: ='MEDIDAS ML'!#REF! -> #REF! | U75: ='MEDIDAS ML'!#REF! -> #REF! | V75: ='MEDIDAS ML'!#REF! -> #REF! | W75: ='MEDIDAS ML'!#REF! -> #REF! | X75: ='MEDIDAS ML'!#REF! -> #REF!
A76: ='MEDIDAS ML'!A4329 -> 123 | B76: ='MEDIDAS ML'!B4329 -> 123 | C76: ='MEDIDAS ML'!C4329 -> 123 | D76: ='MEDIDAS ML'!D4329 -> 2x2x15 cm - 20 grs | E76: ='MEDIDAS ML'!E4329 -> 2 | F76: ='MEDIDAS ML'!F4329 -> 2 | G76: ='MEDIDAS ML'!G4329 -> 15 | H76: ='MEDIDAS ML'!H4329 -> 0.02 | ... Q76: ='MEDIDAS ML'!Q4329 -> 700 | R76: ='MEDIDAS ML'!#REF! -> #REF! | S76: ='MEDIDAS ML'!#REF! -> #REF! | T76: ='MEDIDAS ML'!#REF! -> #REF! | U76: ='MEDIDAS ML'!#REF! -> #REF! | V76: ='MEDIDAS ML'!#REF! -> #REF! | W76: ='MEDIDAS ML'!#REF! -> #REF! | X76: ='MEDIDAS ML'!#REF! -> #REF!
A77: ='MEDIDAS ML'!A3042 -> 123 | B77: ='MEDIDAS ML'!B3042 -> 123 | C77: ='MEDIDAS ML'!C3042 -> 123 | D77: ='MEDIDAS ML'!D3042 -> 7x16x16 cm - 252 grs | E77: ='MEDIDAS ML'!E3042 -> 7 | F77: ='MEDIDAS ML'!F3042 -> 16 | G77: ='MEDIDAS ML'!G3042 -> 16 | H77: ='MEDIDAS ML'!H3042 -> 0.252 | ... Q77: ='MEDIDAS ML'!Q3042 -> 700 | R77: ='MEDIDAS ML'!#REF! -> #REF! | S77: ='MEDIDAS ML'!#REF! -> #REF! | T77: ='MEDIDAS ML'!#REF! -> #REF! | U77: ='MEDIDAS ML'!#REF! -> #REF! | V77: ='MEDIDAS ML'!#REF! -> #REF! | W77: ='MEDIDAS ML'!#REF! -> #REF! | X77: ='MEDIDAS ML'!#REF! -> #REF!
A78: ='MEDIDAS ML'!A3043 -> 123 | B78: ='MEDIDAS ML'!B3043 -> 123 | C78: ='MEDIDAS ML'!C3043 -> 123 | D78: ='MEDIDAS ML'!D3043 -> 7x16x16 cm - 252 grs | E78: ='MEDIDAS ML'!E3043 -> 7 | F78: ='MEDIDAS ML'!F3043 -> 16 | G78: ='MEDIDAS ML'!G3043 -> 16 | H78: ='MEDIDAS ML'!H3043 -> 0.252 | ... Q78: ='MEDIDAS ML'!Q3043 -> 700 | R78: ='MEDIDAS ML'!#REF! -> #REF! | S78: ='MEDIDAS ML'!#REF! -> #REF! | T78: ='MEDIDAS ML'!#REF! -> #REF! | U78: ='MEDIDAS ML'!#REF! -> #REF! | V78: ='MEDIDAS ML'!#REF! -> #REF! | W78: ='MEDIDAS ML'!#REF! -> #REF! | X78: ='MEDIDAS ML'!#REF! -> #REF!
A79: ='MEDIDAS ML'!A3681 -> 123 | B79: ='MEDIDAS ML'!B3681 -> 123 | C79: ='MEDIDAS ML'!C3681 -> 123 | D79: ='MEDIDAS ML'!D3681 -> 5x12x20 cm - 140 grs | E79: ='MEDIDAS ML'!E3681 -> 5 | F79: ='MEDIDAS ML'!F3681 -> 12 | G79: ='MEDIDAS ML'!G3681 -> 20 | H79: ='MEDIDAS ML'!H3681 -> 0.14 | ... Q79: ='MEDIDAS ML'!Q3681 -> 700 | R79: ='MEDIDAS ML'!#REF! -> #REF! | S79: ='MEDIDAS ML'!#REF! -> #REF! | T79: ='MEDIDAS ML'!#REF! -> #REF! | U79: ='MEDIDAS ML'!#REF! -> #REF! | V79: ='MEDIDAS ML'!#REF! -> #REF! | W79: ='MEDIDAS ML'!#REF! -> #REF! | X79: ='MEDIDAS ML'!#REF! -> #REF!
A80: ='MEDIDAS ML'!A3682 -> 123 | B80: ='MEDIDAS ML'!B3682 -> 123 | C80: ='MEDIDAS ML'!C3682 -> 123 | D80: ='MEDIDAS ML'!D3682 -> 5x12x20 cm - 140 grs | E80: ='MEDIDAS ML'!E3682 -> 5 | F80: ='MEDIDAS ML'!F3682 -> 12 | G80: ='MEDIDAS ML'!G3682 -> 20 | H80: ='MEDIDAS ML'!H3682 -> 0.14 | ... Q80: ='MEDIDAS ML'!Q3682 -> 700 | R80: ='MEDIDAS ML'!#REF! -> #REF! | S80: ='MEDIDAS ML'!#REF! -> #REF! | T80: ='MEDIDAS ML'!#REF! -> #REF! | U80: ='MEDIDAS ML'!#REF! -> #REF! | V80: ='MEDIDAS ML'!#REF! -> #REF! | W80: ='MEDIDAS ML'!#REF! -> #REF! | X80: ='MEDIDAS ML'!#REF! -> #REF!
A81: ='MEDIDAS ML'!A1434 -> 123 | B81: ='MEDIDAS ML'!B1434 -> 123 | C81: ='MEDIDAS ML'!C1434 -> 123 | D81: ='MEDIDAS ML'!D1434 -> 10x19x25 cm - 921 grs | E81: ='MEDIDAS ML'!E1434 -> 10 | F81: ='MEDIDAS ML'!F1434 -> 19 | G81: ='MEDIDAS ML'!G1434 -> 25 | H81: ='MEDIDAS ML'!H1434 -> 0.921 | ... Q81: ='MEDIDAS ML'!Q1434 -> 700 | R81: ='MEDIDAS ML'!#REF! -> #REF! | S81: ='MEDIDAS ML'!#REF! -> #REF! | T81: ='MEDIDAS ML'!#REF! -> #REF! | U81: ='MEDIDAS ML'!#REF! -> #REF! | V81: ='MEDIDAS ML'!#REF! -> #REF! | W81: ='MEDIDAS ML'!#REF! -> #REF! | X81: ='MEDIDAS ML'!#REF! -> #REF!
A82: ='MEDIDAS ML'!A1587 -> 123 | B82: ='MEDIDAS ML'!B1587 -> 123 | C82: ='MEDIDAS ML'!C1587 -> 123 | D82: ='MEDIDAS ML'!D1587 -> 9x18x25 cm - 764 grs | E82: ='MEDIDAS ML'!E1587 -> 9 | F82: ='MEDIDAS ML'!F1587 -> 18 | G82: ='MEDIDAS ML'!G1587 -> 25 | H82: ='MEDIDAS ML'!H1587 -> 0.764 | ... Q82: ='MEDIDAS ML'!Q1587 -> 700 | R82: ='MEDIDAS ML'!#REF! -> #REF! | S82: ='MEDIDAS ML'!#REF! -> #REF! | T82: ='MEDIDAS ML'!#REF! -> #REF! | U82: ='MEDIDAS ML'!#REF! -> #REF! | V82: ='MEDIDAS ML'!#REF! -> #REF! | W82: ='MEDIDAS ML'!#REF! -> #REF! | X82: ='MEDIDAS ML'!#REF! -> #REF!
A83: ='MEDIDAS ML'!A1588 -> 123 | B83: ='MEDIDAS ML'!B1588 -> 123 | C83: ='MEDIDAS ML'!C1588 -> 123 | D83: ='MEDIDAS ML'!D1588 -> 9x18x25 cm - 764 grs | E83: ='MEDIDAS ML'!E1588 -> 9 | F83: ='MEDIDAS ML'!F1588 -> 18 | G83: ='MEDIDAS ML'!G1588 -> 25 | H83: ='MEDIDAS ML'!H1588 -> 0.764 | ... Q83: ='MEDIDAS ML'!Q1588 -> 700 | R83: ='MEDIDAS ML'!#REF! -> #REF! | S83: ='MEDIDAS ML'!#REF! -> #REF! | T83: ='MEDIDAS ML'!#REF! -> #REF! | U83: ='MEDIDAS ML'!#REF! -> #REF! | V83: ='MEDIDAS ML'!#REF! -> #REF! | W83: ='MEDIDAS ML'!#REF! -> #REF! | X83: ='MEDIDAS ML'!#REF! -> #REF!
A84: ='MEDIDAS ML'!A3059 -> 123 | B84: ='MEDIDAS ML'!B3059 -> 123 | C84: ='MEDIDAS ML'!C3059 -> 123 | D84: ='MEDIDAS ML'!D3059 -> 9x9x18 cm - 251 grs | E84: ='MEDIDAS ML'!E3059 -> 9 | F84: ='MEDIDAS ML'!F3059 -> 9 | G84: ='MEDIDAS ML'!G3059 -> 18 | H84: ='MEDIDAS ML'!H3059 -> 0.251 | ... Q84: ='MEDIDAS ML'!Q3059 -> 700 | R84: ='MEDIDAS ML'!#REF! -> #REF! | S84: ='MEDIDAS ML'!#REF! -> #REF! | T84: ='MEDIDAS ML'!#REF! -> #REF! | U84: ='MEDIDAS ML'!#REF! -> #REF! | V84: ='MEDIDAS ML'!#REF! -> #REF! | W84: ='MEDIDAS ML'!#REF! -> #REF! | X84: ='MEDIDAS ML'!#REF! -> #REF!
A85: ='MEDIDAS ML'!A4138 -> 123 | B85: ='MEDIDAS ML'!B4138 -> 123 | C85: ='MEDIDAS ML'!C4138 -> 123 | D85: ='MEDIDAS ML'!D4138 -> 4x11x13 cm - 60 grs | E85: ='MEDIDAS ML'!E4138 -> 4 | F85: ='MEDIDAS ML'!F4138 -> 11 | G85: ='MEDIDAS ML'!G4138 -> 13 | H85: ='MEDIDAS ML'!H4138 -> 0.06 | ... Q85: ='MEDIDAS ML'!Q4138 -> 700 | R85: ='MEDIDAS ML'!#REF! -> #REF! | S85: ='MEDIDAS ML'!#REF! -> #REF! | T85: ='MEDIDAS ML'!#REF! -> #REF! | U85: ='MEDIDAS ML'!#REF! -> #REF! | V85: ='MEDIDAS ML'!#REF! -> #REF! | W85: ='MEDIDAS ML'!#REF! -> #REF! | X85: ='MEDIDAS ML'!#REF! -> #REF!
A86: ='MEDIDAS ML'!A1277 -> 123 | B86: ='MEDIDAS ML'!B1277 -> 123 | C86: ='MEDIDAS ML'!C1277 -> 123 | D86: ='MEDIDAS ML'!D1277 -> 4x20x27 cm - 1020 grs | E86: ='MEDIDAS ML'!E1277 -> 4 | F86: ='MEDIDAS ML'!F1277 -> 20 | G86: ='MEDIDAS ML'!G1277 -> 27 | H86: ='MEDIDAS ML'!H1277 -> 1.02 | ... Q86: ='MEDIDAS ML'!Q1277 -> 700 | R86: ='MEDIDAS ML'!#REF! -> #REF! | S86: ='MEDIDAS ML'!#REF! -> #REF! | T86: ='MEDIDAS ML'!#REF! -> #REF! | U86: ='MEDIDAS ML'!#REF! -> #REF! | V86: ='MEDIDAS ML'!#REF! -> #REF! | W86: ='MEDIDAS ML'!#REF! -> #REF! | X86: ='MEDIDAS ML'!#REF! -> #REF!
A87: ='MEDIDAS ML'!A1278 -> 123 | B87: ='MEDIDAS ML'!B1278 -> 123 | C87: ='MEDIDAS ML'!C1278 -> 123 | D87: ='MEDIDAS ML'!D1278 -> 4x20x27 cm - 1020 grs | E87: ='MEDIDAS ML'!E1278 -> 4 | F87: ='MEDIDAS ML'!F1278 -> 20 | G87: ='MEDIDAS ML'!G1278 -> 27 | H87: ='MEDIDAS ML'!H1278 -> 1.02 | ... Q87: ='MEDIDAS ML'!Q1278 -> 700 | R87: ='MEDIDAS ML'!#REF! -> #REF! | S87: ='MEDIDAS ML'!#REF! -> #REF! | T87: ='MEDIDAS ML'!#REF! -> #REF! | U87: ='MEDIDAS ML'!#REF! -> #REF! | V87: ='MEDIDAS ML'!#REF! -> #REF! | W87: ='MEDIDAS ML'!#REF! -> #REF! | X87: ='MEDIDAS ML'!#REF! -> #REF!
A88: ='MEDIDAS ML'!A3901 -> 123 | B88: ='MEDIDAS ML'!B3901 -> 123 | C88: ='MEDIDAS ML'!C3901 -> 123 | D88: ='MEDIDAS ML'!D3901 -> 6x12x14 cm - 100 grs | E88: ='MEDIDAS ML'!E3901 -> 6 | F88: ='MEDIDAS ML'!F3901 -> 12 | G88: ='MEDIDAS ML'!G3901 -> 14 | H88: ='MEDIDAS ML'!H3901 -> 0.1 | ... Q88: ='MEDIDAS ML'!Q3901 -> 700 | R88: ='MEDIDAS ML'!#REF! -> #REF! | S88: ='MEDIDAS ML'!#REF! -> #REF! | T88: ='MEDIDAS ML'!#REF! -> #REF! | U88: ='MEDIDAS ML'!#REF! -> #REF! | V88: ='MEDIDAS ML'!#REF! -> #REF! | W88: ='MEDIDAS ML'!#REF! -> #REF! | X88: ='MEDIDAS ML'!#REF! -> #REF!
A89: ='MEDIDAS ML'!A3902 -> 123 | B89: ='MEDIDAS ML'!B3902 -> 123 | C89: ='MEDIDAS ML'!C3902 -> 123 | D89: ='MEDIDAS ML'!D3902 -> 6x12x14 cm - 100 grs | E89: ='MEDIDAS ML'!E3902 -> 6 | F89: ='MEDIDAS ML'!F3902 -> 12 | G89: ='MEDIDAS ML'!G3902 -> 14 | H89: ='MEDIDAS ML'!H3902 -> 0.1 | ... Q89: ='MEDIDAS ML'!Q3902 -> 700 | R89: ='MEDIDAS ML'!#REF! -> #REF! | S89: ='MEDIDAS ML'!#REF! -> #REF! | T89: ='MEDIDAS ML'!#REF! -> #REF! | U89: ='MEDIDAS ML'!#REF! -> #REF! | V89: ='MEDIDAS ML'!#REF! -> #REF! | W89: ='MEDIDAS ML'!#REF! -> #REF! | X89: ='MEDIDAS ML'!#REF! -> #REF!
A90: ='MEDIDAS ML'!A3903 -> 123 | B90: ='MEDIDAS ML'!B3903 -> 123 | C90: ='MEDIDAS ML'!C3903 -> 123 | D90: ='MEDIDAS ML'!D3903 -> 9x19x3 cm - 100 grs | E90: ='MEDIDAS ML'!E3903 -> 9 | F90: ='MEDIDAS ML'!F3903 -> 19 | G90: ='MEDIDAS ML'!G3903 -> 3 | H90: ='MEDIDAS ML'!H3903 -> 0.1 | ... Q90: ='MEDIDAS ML'!Q3903 -> 700 | R90: ='MEDIDAS ML'!#REF! -> #REF! | S90: ='MEDIDAS ML'!#REF! -> #REF! | T90: ='MEDIDAS ML'!#REF! -> #REF! | U90: ='MEDIDAS ML'!#REF! -> #REF! | V90: ='MEDIDAS ML'!#REF! -> #REF! | W90: ='MEDIDAS ML'!#REF! -> #REF! | X90: ='MEDIDAS ML'!#REF! -> #REF!
A91: ='MEDIDAS ML'!A3904 -> 123 | B91: ='MEDIDAS ML'!B3904 -> 123 | C91: ='MEDIDAS ML'!C3904 -> 123 | D91: ='MEDIDAS ML'!D3904 -> 9x19x3 cm - 100 grs | E91: ='MEDIDAS ML'!E3904 -> 9 | F91: ='MEDIDAS ML'!F3904 -> 19 | G91: ='MEDIDAS ML'!G3904 -> 3 | H91: ='MEDIDAS ML'!H3904 -> 0.1 | ... Q91: ='MEDIDAS ML'!Q3904 -> 700 | R91: ='MEDIDAS ML'!#REF! -> #REF! | S91: ='MEDIDAS ML'!#REF! -> #REF! | T91: ='MEDIDAS ML'!#REF! -> #REF! | U91: ='MEDIDAS ML'!#REF! -> #REF! | V91: ='MEDIDAS ML'!#REF! -> #REF! | W91: ='MEDIDAS ML'!#REF! -> #REF! | X91: ='MEDIDAS ML'!#REF! -> #REF!
A92: ='MEDIDAS ML'!A104 -> 123 | B92: ='MEDIDAS ML'!B104 -> 123 | C92: ='MEDIDAS ML'!C104 -> 123 | D92: ='MEDIDAS ML'!D104 -> 17x24x48 cm - 7888 grs | E92: ='MEDIDAS ML'!E104 -> 17 | F92: ='MEDIDAS ML'!F104 -> 24 | G92: ='MEDIDAS ML'!G104 -> 48 | H92: ='MEDIDAS ML'!H104 -> 7.888 | ... Q92: ='MEDIDAS ML'!Q104 -> 700 | R92: ='MEDIDAS ML'!#REF! -> #REF! | S92: ='MEDIDAS ML'!#REF! -> #REF! | T92: ='MEDIDAS ML'!#REF! -> #REF! | U92: ='MEDIDAS ML'!#REF! -> #REF! | V92: ='MEDIDAS ML'!#REF! -> #REF! | W92: ='MEDIDAS ML'!#REF! -> #REF! | X92: ='MEDIDAS ML'!#REF! -> #REF!
A93: ='MEDIDAS ML'!A3668 -> 123 | B93: ='MEDIDAS ML'!B3668 -> 123 | C93: ='MEDIDAS ML'!C3668 -> 123 | D93: ='MEDIDAS ML'!D3668 -> 5x16x16 cm - 140 grs | E93: ='MEDIDAS ML'!E3668 -> 5 | F93: ='MEDIDAS ML'!F3668 -> 16 | G93: ='MEDIDAS ML'!G3668 -> 16 | H93: ='MEDIDAS ML'!H3668 -> 0.14 | ... Q93: ='MEDIDAS ML'!Q3668 -> 700 | R93: ='MEDIDAS ML'!#REF! -> #REF! | S93: ='MEDIDAS ML'!#REF! -> #REF! | T93: ='MEDIDAS ML'!#REF! -> #REF! | U93: ='MEDIDAS ML'!#REF! -> #REF! | V93: ='MEDIDAS ML'!#REF! -> #REF! | W93: ='MEDIDAS ML'!#REF! -> #REF! | X93: ='MEDIDAS ML'!#REF! -> #REF!
A94: ='MEDIDAS ML'!A3669 -> 123 | B94: ='MEDIDAS ML'!B3669 -> 123 | C94: ='MEDIDAS ML'!C3669 -> 123 | D94: ='MEDIDAS ML'!D3669 -> 5x16x16 cm - 140 grs | E94: ='MEDIDAS ML'!E3669 -> 5 | F94: ='MEDIDAS ML'!F3669 -> 16 | G94: ='MEDIDAS ML'!G3669 -> 16 | H94: ='MEDIDAS ML'!H3669 -> 0.14 | ... Q94: ='MEDIDAS ML'!Q3669 -> 700 | R94: ='MEDIDAS ML'!#REF! -> #REF! | S94: ='MEDIDAS ML'!#REF! -> #REF! | T94: ='MEDIDAS ML'!#REF! -> #REF! | U94: ='MEDIDAS ML'!#REF! -> #REF! | V94: ='MEDIDAS ML'!#REF! -> #REF! | W94: ='MEDIDAS ML'!#REF! -> #REF! | X94: ='MEDIDAS ML'!#REF! -> #REF!
A95: ='MEDIDAS ML'!A3683 -> 123 | B95: ='MEDIDAS ML'!B3683 -> 123 | C95: ='MEDIDAS ML'!C3683 -> 123 | D95: ='MEDIDAS ML'!D3683 -> 5x12x20 cm - 140 grs | E95: ='MEDIDAS ML'!E3683 -> 5 | F95: ='MEDIDAS ML'!F3683 -> 12 | G95: ='MEDIDAS ML'!G3683 -> 20 | H95: ='MEDIDAS ML'!H3683 -> 0.14 | ... Q95: ='MEDIDAS ML'!Q3683 -> 700 | R95: ='MEDIDAS ML'!#REF! -> #REF! | S95: ='MEDIDAS ML'!#REF! -> #REF! | T95: ='MEDIDAS ML'!#REF! -> #REF! | U95: ='MEDIDAS ML'!#REF! -> #REF! | V95: ='MEDIDAS ML'!#REF! -> #REF! | W95: ='MEDIDAS ML'!#REF! -> #REF! | X95: ='MEDIDAS ML'!#REF! -> #REF!
A96: ='MEDIDAS ML'!A861 -> 123 | B96: ='MEDIDAS ML'!B861 -> 123 | C96: ='MEDIDAS ML'!C861 -> 123 | D96: ='MEDIDAS ML'!D861 -> 8x14x57 cm - 1744 grs | E96: ='MEDIDAS ML'!E861 -> 8 | F96: ='MEDIDAS ML'!F861 -> 14 | G96: ='MEDIDAS ML'!G861 -> 57 | H96: ='MEDIDAS ML'!H861 -> 1.744 | ... Q96: ='MEDIDAS ML'!Q861 -> 700 | R96: ='MEDIDAS ML'!#REF! -> #REF! | S96: ='MEDIDAS ML'!#REF! -> #REF! | T96: ='MEDIDAS ML'!#REF! -> #REF! | U96: ='MEDIDAS ML'!#REF! -> #REF! | V96: ='MEDIDAS ML'!#REF! -> #REF! | W96: ='MEDIDAS ML'!#REF! -> #REF! | X96: ='MEDIDAS ML'!#REF! -> #REF!
A97: ='MEDIDAS ML'!A2536 -> 123 | B97: ='MEDIDAS ML'!B2536 -> 123 | C97: ='MEDIDAS ML'!C2536 -> 123 | D97: ='MEDIDAS ML'!D2536 -> 11x12x21 cm - 349 grs | E97: ='MEDIDAS ML'!E2536 -> 11 | F97: ='MEDIDAS ML'!F2536 -> 12 | G97: ='MEDIDAS ML'!G2536 -> 21 | H97: ='MEDIDAS ML'!H2536 -> 0.349 | ... Q97: ='MEDIDAS ML'!Q2536 -> 700 | R97: ='MEDIDAS ML'!#REF! -> #REF! | S97: ='MEDIDAS ML'!#REF! -> #REF! | T97: ='MEDIDAS ML'!#REF! -> #REF! | U97: ='MEDIDAS ML'!#REF! -> #REF! | V97: ='MEDIDAS ML'!#REF! -> #REF! | W97: ='MEDIDAS ML'!#REF! -> #REF! | X97: ='MEDIDAS ML'!#REF! -> #REF!
A98: ='MEDIDAS ML'!A2880 -> 123 | B98: ='MEDIDAS ML'!B2880 -> 123 | C98: ='MEDIDAS ML'!C2880 -> 123 | D98: ='MEDIDAS ML'!D2880 -> 10x14x20 cm - 286 grs | E98: ='MEDIDAS ML'!E2880 -> 10 | F98: ='MEDIDAS ML'!F2880 -> 14 | G98: ='MEDIDAS ML'!G2880 -> 20 | H98: ='MEDIDAS ML'!H2880 -> 0.286 | ... Q98: ='MEDIDAS ML'!Q2880 -> 700 | R98: ='MEDIDAS ML'!#REF! -> #REF! | S98: ='MEDIDAS ML'!#REF! -> #REF! | T98: ='MEDIDAS ML'!#REF! -> #REF! | U98: ='MEDIDAS ML'!#REF! -> #REF! | V98: ='MEDIDAS ML'!#REF! -> #REF! | W98: ='MEDIDAS ML'!#REF! -> #REF! | X98: ='MEDIDAS ML'!#REF! -> #REF!
A99: ='MEDIDAS ML'!A3015 -> 123 | B99: ='MEDIDAS ML'!B3015 -> 123 | C99: ='MEDIDAS ML'!C3015 -> 123 | D99: ='MEDIDAS ML'!D3015 -> 6x11x18 cm - 259 grs | E99: ='MEDIDAS ML'!E3015 -> 6 | F99: ='MEDIDAS ML'!F3015 -> 11 | G99: ='MEDIDAS ML'!G3015 -> 18 | H99: ='MEDIDAS ML'!H3015 -> 0.259 | ... Q99: ='MEDIDAS ML'!Q3015 -> 700 | R99: ='MEDIDAS ML'!#REF! -> #REF! | S99: ='MEDIDAS ML'!#REF! -> #REF! | T99: ='MEDIDAS ML'!#REF! -> #REF! | U99: ='MEDIDAS ML'!#REF! -> #REF! | V99: ='MEDIDAS ML'!#REF! -> #REF! | W99: ='MEDIDAS ML'!#REF! -> #REF! | X99: ='MEDIDAS ML'!#REF! -> #REF!
A100: ='MEDIDAS ML'!A3032 -> 123 | B100: ='MEDIDAS ML'!B3032 -> 123 | C100: ='MEDIDAS ML'!C3032 -> 123 | D100: ='MEDIDAS ML'!D3032 -> 9x15x21 cm - 253 grs | E100: ='MEDIDAS ML'!E3032 -> 9 | F100: ='MEDIDAS ML'!F3032 -> 15 | G100: ='MEDIDAS ML'!G3032 -> 21 | H100: ='MEDIDAS ML'!H3032 -> 0.253 | ... Q100: ='MEDIDAS ML'!Q3032 -> 700 | R100: ='MEDIDAS ML'!#REF! -> #REF! | S100: ='MEDIDAS ML'!#REF! -> #REF! | T100: ='MEDIDAS ML'!#REF! -> #REF! | U100: ='MEDIDAS ML'!#REF! -> #REF! | V100: ='MEDIDAS ML'!#REF! -> #REF! | W100: ='MEDIDAS ML'!#REF! -> #REF! | X100: ='MEDIDAS ML'!#REF! -> #REF!
A101: ='MEDIDAS ML'!A3033 -> 123 | B101: ='MEDIDAS ML'!B3033 -> 123 | C101: ='MEDIDAS ML'!C3033 -> 123 | D101: ='MEDIDAS ML'!D3033 -> 9x15x21 cm - 253 grs | E101: ='MEDIDAS ML'!E3033 -> 9 | F101: ='MEDIDAS ML'!F3033 -> 15 | G101: ='MEDIDAS ML'!G3033 -> 21 | H101: ='MEDIDAS ML'!H3033 -> 0.253 | ... Q101: ='MEDIDAS ML'!Q3033 -> 700 | R101: ='MEDIDAS ML'!#REF! -> #REF! | S101: ='MEDIDAS ML'!#REF! -> #REF! | T101: ='MEDIDAS ML'!#REF! -> #REF! | U101: ='MEDIDAS ML'!#REF! -> #REF! | V101: ='MEDIDAS ML'!#REF! -> #REF! | W101: ='MEDIDAS ML'!#REF! -> #REF! | X101: ='MEDIDAS ML'!#REF! -> #REF!
...
